source,target,wieght
1,0,2.9370161074650305
3,2,2.635986111800974
4,2,2.9370161074650305
4,3,2.6359861118010484
6,5,2.6359861118010484
9,8,2.9370161074650305
10,8,2.9370161074650305
10,9,2.9370161074650305
11,8,2.9370161074650305
11,9,2.9370161074650305
11,10,2.9370161074650305
12,8,2.9370161074650305
12,9,2.9370161074650305
12,10,2.9370161074650305
12,11,2.9370161074650305
13,8,2.9370161074650305
13,9,2.9370161074650305
13,10,2.9370161074650305
13,11,2.9370161074650305
13,12,2.9370161074650305
15,14,2.238046103129336
16,14,2.4598948527454416
18,17,2.9370161074650305
20,19,2.9370161074650305
22,21,2.9370161074650305
23,21,2.9370161074650305
23,22,2.9370161074650305
24,21,2.9370161074650305
24,22,2.9370161074650305
24,23,2.9370161074650305
25,21,2.9370161074650305
25,22,2.9370161074650305
25,23,2.9370161074650305
25,24,2.9370161074650305
27,26,2.2380461031290104
28,26,2.2380461031290104
28,27,2.9370161074650305
31,30,2.9370161074650305
32,30,2.9370161074650305
32,31,2.9370161074650305
34,33,2.6359861118010484
35,33,2.6359861118010484
35,34,2.9370161074650305
37,36,2.9370161074650305
38,36,2.9370161074650305
38,37,2.9370161074650305
40,39,2.4598948527454416
41,39,2.9370161074650305
41,40,2.459894852745366
43,42,2.9370161074650305
47,46,3.7748400131236517
49,48,18.115799262999737
50,48,7.461096178312229
50,49,8.72420668885108
52,51,2.334956116137066
53,51,2.334956116137066
53,52,2.9370161074650305
55,54,2.0346807592064944
56,48,3.4203670727732893
56,49,4.874316639759696
56,50,9.083712456375773
56,55,3.613458461958995
57,50,4.675578986740668
57,56,2.625588781703333
58,48,3.4448583500094836
58,49,3.358045883858411
58,50,4.003632190585114
58,55,2.1593678038456647
58,56,3.1403818882269743
61,60,2.9370161074650305
63,44,2.6804052515895362
63,62,2.335207516712527
64,44,42.81331494442716
64,63,2.995008054442801
65,44,5.0794035185007065
65,64,5.889592349048479
66,44,14.362293240700659
66,63,3.2088878743877713
66,64,15.142183679982963
66,65,6.453817167605148
68,67,2.9370161074650305
69,66,3.328749662506759
71,66,4.684835076885057
71,69,9.53299229742926
72,69,2.0919180674507714
72,70,2.2380461031290104
72,71,2.033926120473086
73,72,2.635986111800974
75,74,10.364836669771895
77,76,2.9370161074650305
78,76,2.9370161074650305
78,77,2.9370161074650305
79,76,2.9370161074650305
79,77,2.9370161074650305
79,78,2.9370161074650305
80,46,2.3114500128649103
83,82,2.9370161074650305
84,82,2.9370161074650305
84,83,2.9370161074650305
86,85,2.6359861118010484
87,85,2.6359861118010484
87,86,2.9370161074650305
88,44,4.456157354921547
88,64,2.5036028616236194
88,66,4.222380123855023
88,69,4.418760991615559
89,85,2.6359861118010484
89,86,2.9370161074650305
89,87,2.9370161074650305
90,63,2.1593678038456647
90,85,2.1593678038456647
90,86,2.4598948527454416
90,87,2.4598948527454416
90,89,2.4598948527454416
91,85,2.335207516712527
91,86,2.635986111800974
91,87,2.635986111800974
91,89,2.635986111800974
91,90,5.095378599560353
92,44,4.742204507642707
92,64,4.002213918175269
92,65,2.5831747928244444
92,66,4.436894839751436
92,90,6.107110109213575
92,91,4.016197353512728
93,66,2.2291519777033826
93,86,2.238046103129336
93,87,2.238046103129336
93,88,7.3460752986577385
93,89,2.238046103129336
94,66,5.123993106002646
94,71,4.684835076885252
94,85,3.2088878743877713
94,90,2.7385288346336467
94,91,3.2088878743877713
94,92,2.9630035389263414
95,85,2.6359861118010484
95,86,2.9370161074650305
95,87,2.9370161074650305
95,89,2.9370161074650305
95,90,2.459894852745366
95,91,2.6359861118010484
95,93,2.2380461031290104
97,96,2.9370161074650305
98,96,2.9370161074650305
98,97,2.9370161074650305
99,96,2.9370161074650305
99,97,2.9370161074650305
99,98,2.9370161074650305
100,54,3.7963644762196833
101,100,3.796364476219433
102,100,2.2380461031290104
102,101,2.334956116137066
103,50,2.641474682546281
103,56,3.0557393891594162
104,50,2.6586860018962986
104,101,2.0346807592064944
105,101,2.334956116137066
105,104,2.6359861118010484
106,54,2.0346807592064944
106,101,4.794348603896371
106,104,2.335207516712527
106,105,2.635986111800974
107,101,2.334956116137066
107,104,2.6359861118010484
107,105,2.9370161074650305
107,106,2.6359861118010484
108,103,4.582615060648159
110,109,2.9370161074650305
111,109,2.9370161074650305
111,110,2.9370161074650305
112,109,2.9370161074650305
112,110,2.9370161074650305
112,111,2.9370161074650305
114,113,2.635986111800974
116,115,2.9370161074650305
118,117,2.9370161074650305
120,119,2.9370161074650305
122,44,3.170257981207641
122,64,2.5036028616236194
122,66,4.222380123855023
122,71,2.4882864013060257
122,88,2.28761935346367
123,66,2.566544794628981
123,88,3.633713388929089
123,122,17.514197093129365
124,44,2.7781789665538463
124,64,3.243651908588344
124,66,3.564552718176164
124,69,3.0809160051389033
124,88,2.75396656944394
124,121,2.1588648570813853
124,122,2.75396656944394
124,123,2.5903342308610315
125,121,2.9370161074650305
125,124,2.1588648570813853
126,44,2.6804052515895362
126,64,2.9950080544427915
126,66,3.2088878743878704
126,121,2.635986111800974
126,122,3.919287340504672
126,123,3.752955918738146
126,125,2.635986111800974
127,121,2.9370161074650305
127,124,2.1588648570813853
127,125,2.9370161074650305
127,126,2.6359861118010484
128,44,3.9041743244923013
128,64,3.0101481894119746
128,66,4.978534602392087
128,69,2.936471254245322
128,88,11.591636573762699
128,93,5.490350609417522
128,121,2.0919180674506324
128,122,2.6105317284355625
128,123,2.4475726206643493
128,125,2.0919180674506324
128,127,2.0919180674506324
129,121,2.9370161074650305
129,124,2.1588648570813853
129,125,2.9370161074650305
129,126,2.6359861118010484
129,127,2.9370161074650305
129,128,2.0919180674507714
130,121,2.9370161074650305
130,124,2.1588648570813853
130,125,2.9370161074650305
130,126,2.6359861118010484
130,127,2.9370161074650305
130,128,2.0919180674507714
130,129,2.9370161074650305
132,131,2.9370161074650305
133,131,2.9370161074650305
133,132,2.9370161074650305
136,135,2.6359861118010484
138,137,2.9370161074650305
140,139,2.9370161074650305
142,141,2.033926120473086
143,141,2.033926120473086
143,142,2.9370161074650305
145,144,2.9370161074650305
147,146,2.9370161074650305
148,146,2.9370161074650305
148,147,2.9370161074650305
149,44,5.5834182254987565
149,64,6.56478665053645
149,65,6.012572163792944
149,66,13.43012131985479
149,92,2.2970436114191206
149,94,2.684257128114603
151,150,2.1588648570813853
152,150,2.1588648570813853
153,150,2.1588648570813853
153,152,2.9370161074650305
154,150,2.1588648570813853
156,155,2.9370161074650305
158,157,2.4598948527454416
159,50,4.708009669784657
159,54,2.234464829796141
159,56,3.1511177723318378
159,57,2.0213972095145674
159,100,2.0213972095145674
159,103,2.1549306837180366
161,160,2.6359861118010484
162,160,2.335207516712527
162,161,2.635986111800974
164,163,2.9370161074650305
165,80,8.334918915607343
165,103,4.845164464007272
166,80,6.917053985039083
166,103,3.5224355480887133
166,165,11.874872581695286
168,80,5.8325039431126235
168,165,8.385839381115588
168,166,14.766930895519101
168,167,2.0919180674506324
170,169,2.9370161074650305
172,171,2.9370161074650305
174,173,2.4598948527454416
175,173,2.9370161074650305
175,174,2.459894852745366
176,173,2.4598948527454416
176,174,8.03138939527567
176,175,2.4598948527454416
177,44,3.9041743244923013
177,64,4.538927720809999
177,65,2.813216443153422
177,66,6.872564754061771
177,69,2.936471254245322
177,71,2.813216443153422
177,92,2.7057565386010105
177,94,3.328749662506759
177,122,2.6105317284355625
177,123,2.4475726206643493
177,124,5.190836825563978
177,149,2.5250673921315108
178,44,3.9041743244923013
178,64,4.538927720809999
178,65,2.813216443153422
178,66,6.872564754061771
178,69,2.936471254245322
178,71,2.813216443153422
178,92,2.7057565386010105
178,94,3.328749662506759
178,122,2.6105317284355625
178,123,2.4475726206643493
178,124,5.190836825563978
178,149,2.5250673921315108
178,177,16.846112141566724
179,44,2.6804052515895362
179,64,2.9950080544427915
179,65,4.125341822937797
179,66,3.2088878743878704
179,149,3.8321371647857725
179,177,4.250280559546096
179,178,4.250280559546096
180,44,9.575583296814168
180,64,10.772745767316785
180,65,4.7467143869979855
180,66,6.872564754061771
180,88,2.6105317284355625
180,128,2.936471254245322
180,149,2.5250673921315108
180,177,4.949316044805676
180,178,4.949316044805676
180,179,4.250280559546031
181,65,2.033926120473086
181,124,2.1588648570813853
181,177,2.0919180674507714
181,178,2.0919180674507714
181,179,2.6359861118010484
181,180,2.0919180674507714
182,65,2.033926120473086
182,124,2.1588648570813853
182,177,2.0919180674507714
182,178,2.0919180674507714
182,179,2.6359861118010484
182,180,2.0919180674507714
182,181,2.9370161074650305
183,65,2.033926120473086
183,124,2.1588648570813853
183,177,2.0919180674507714
183,178,2.0919180674507714
183,179,2.6359861118010484
183,180,2.0919180674507714
183,181,2.9370161074650305
183,182,2.9370161074650305
184,44,2.2162235587121786
184,64,2.526698382936371
184,66,2.738528834633818
184,92,3.5414309158509383
184,149,3.358045883858411
184,179,2.1593678038456647
184,181,2.4598948527454416
184,182,2.4598948527454416
184,183,2.4598948527454416
185,90,2.1593678038455155
185,91,2.335207516712527
185,94,3.2088878743878704
186,66,3.328749662506759
186,69,2.936471254245322
186,123,2.4475726206643493
186,177,2.936471254245322
186,178,2.936471254245322
187,69,2.0919180674507714
187,71,2.033926120473086
187,185,2.6359861118010484
187,186,2.0919180674507714
188,44,3.9041743244923013
188,64,4.538927720809999
188,66,6.872564754061771
188,69,7.280340486885419
188,71,4.7467143869979855
188,88,2.6105317284355625
188,92,2.7057565386010105
188,94,3.328749662506759
188,122,2.6105317284355625
188,123,2.4475726206643493
188,124,3.080916005138441
188,177,4.949316044805676
188,178,4.949316044805676
188,180,2.936471254245322
188,186,7.280340486885419
188,187,2.0919180674506324
189,66,3.446162278937075
189,69,2.2509904776479916
189,71,3.647991195217427
189,94,2.272623705813257
189,123,3.0720149085025366
189,177,3.8475489520878448
189,178,3.8475489520878448
189,186,7.80955583692946
189,188,5.6990280479120194
190,66,2.738528834633818
190,69,3.7748400131236517
190,71,3.6502382001020512
190,94,4.8438686744392045
190,185,2.1593678038456647
190,187,2.4598948527454416
190,188,3.7748400131236517
191,94,2.738528834633818
191,185,2.1593678038456647
191,187,2.4598948527454416
191,190,4.618592966559498
192,44,5.910834480497159
192,64,6.897548066800754
192,66,9.555194892532342
192,69,4.418760991615559
192,71,6.207241774723006
192,92,4.043868451107194
192,94,4.222380123855023
192,122,2.28761935346367
192,123,2.1266761387901894
192,177,6.505838477325298
192,178,6.505838477325298
192,180,4.418760991615559
192,186,4.418760991615559
192,188,11.591636573762631
192,189,6.743088391498211
192,190,3.4448583500094894
193,69,2.0919180674507714
193,71,2.033926120473086
193,185,2.6359861118010484
193,186,2.0919180674507714
193,187,2.9370161074650305
193,188,2.0919180674507714
193,190,2.459894852745366
193,191,2.459894852745366
194,185,2.335207516712527
194,187,2.635986111800974
194,190,2.1593678038455155
194,191,2.1593678038455155
194,193,2.635986111800974
195,44,2.7781789665538463
195,64,3.243651908588344
195,66,5.339182747105746
195,69,3.0809160051389033
195,71,2.957324550303288
195,92,2.849528008780612
195,94,3.564552718176164
195,122,2.75396656944394
195,177,3.0809160051389033
195,178,3.0809160051389033
195,186,5.190836825563969
195,187,2.1588648570813853
195,188,7.647102935096127
195,189,4.086025750967776
195,190,6.730359399611865
195,191,3.920631386395878
195,192,6.871383759093679
195,193,2.1588648570813853
196,66,2.444253568863218
196,69,3.47549137189167
196,71,5.683034830667752
196,94,2.444253568863218
196,122,3.146520861792609
196,185,2.034680759206419
196,187,2.3349561161369166
196,188,3.47549137189167
196,189,4.775876241947023
196,190,4.317898852181404
196,192,3.146520861792609
196,193,2.3349561161369166
196,194,2.034680759206419
196,195,3.6209460844797126
197,66,3.2088878743878704
197,69,4.250280559546096
197,71,4.125341822937797
197,94,3.2088878743878704
197,185,2.335207516712527
197,187,2.635986111800974
197,188,4.250280559546096
197,190,5.095378599560353
197,191,2.1593678038455155
197,192,3.919287340504672
197,193,2.635986111800974
197,194,2.335207516712527
197,195,4.396408595224336
197,196,4.794348603896371
198,66,2.738528834633818
198,94,4.8438686744392045
198,149,3.358045883858411
198,185,2.1593678038456647
198,187,2.4598948527454416
198,193,2.4598948527454416
198,194,2.1593678038456647
198,197,2.1593678038456647
199,66,2.444253568863218
199,69,3.47549137189167
199,71,5.683034830667752
199,94,2.444253568863218
199,185,2.034680759206419
199,187,2.3349561161369166
199,188,3.47549137189167
199,189,4.775876241947023
199,190,4.317898852181404
199,192,3.146520861792609
199,193,2.3349561161369166
199,194,2.034680759206419
199,195,3.6209460844797126
199,196,6.827647443528005
199,197,4.794348603896371
200,69,2.0919180674507714
200,71,2.033926120473086
200,185,2.6359861118010484
200,186,2.0919180674507714
200,187,2.9370161074650305
200,188,2.0919180674507714
200,190,2.459894852745366
200,191,2.459894852745366
200,193,2.9370161074650305
200,194,2.6359861118010484
200,195,2.1588648570813853
200,196,2.334956116137066
200,197,2.6359861118010484
200,198,2.459894852745366
200,199,2.334956116137066
201,69,2.0919180674507714
201,71,2.033926120473086
201,185,2.6359861118010484
201,186,2.0919180674507714
201,187,2.9370161074650305
201,188,2.0919180674507714
201,190,2.459894852745366
201,191,2.459894852745366
201,193,2.9370161074650305
201,194,2.6359861118010484
201,195,2.1588648570813853
201,196,2.334956116137066
201,197,2.6359861118010484
201,198,2.459894852745366
201,199,2.334956116137066
201,200,2.9370161074650305
202,69,2.0919180674507714
202,71,2.033926120473086
202,185,2.6359861118010484
202,186,2.0919180674507714
202,187,2.9370161074650305
202,188,2.0919180674507714
202,190,2.459894852745366
202,191,2.459894852745366
202,193,2.9370161074650305
202,194,2.6359861118010484
202,195,2.1588648570813853
202,196,2.334956116137066
202,197,2.6359861118010484
202,198,2.459894852745366
202,199,2.334956116137066
202,200,2.9370161074650305
202,201,2.9370161074650305
204,65,2.033926120473086
204,177,2.0919180674507714
204,178,2.0919180674507714
204,179,2.6359861118010484
204,180,2.0919180674507714
204,203,2.2380461031290104
205,65,2.033926120473086
205,177,2.0919180674507714
205,178,2.0919180674507714
205,179,2.6359861118010484
205,180,2.0919180674507714
205,203,2.2380461031290104
205,204,2.9370161074650305
207,206,2.9370161074650305
209,208,2.9370161074650305
211,210,2.6359861118010484
213,212,2.9370161074650305
214,212,2.9370161074650305
214,213,2.9370161074650305
215,212,2.9370161074650305
215,213,2.9370161074650305
215,214,2.9370161074650305
216,212,2.9370161074650305
216,213,2.9370161074650305
216,214,2.9370161074650305
216,215,2.9370161074650305
218,217,2.334956116137066
220,219,2.459894852745366
222,221,2.6359861118010484
224,223,2.2380461031290104
225,223,2.2380461031290104
227,226,5.095378599560353
230,229,2.9370161074650305
231,44,2.3593084832886353
231,64,2.815556765490647
231,88,2.488286401305663
231,128,2.813216443153193
231,180,2.813216443153193
231,188,2.813216443153193
231,192,2.488286401305663
233,232,2.6359861118010484
234,223,2.2380461031290104
236,235,2.9370161074650305
237,235,2.9370161074650305
237,236,2.9370161074650305
238,235,2.9370161074650305
238,236,2.9370161074650305
238,237,2.9370161074650305
239,235,2.9370161074650305
239,236,2.9370161074650305
239,237,2.9370161074650305
239,238,2.9370161074650305
241,80,4.181791202150434
241,165,4.398183381045194
241,166,2.75396656944394
241,168,3.0809160051389033
241,240,2.1588648570813853
242,240,2.9370161074650305
242,241,2.1588648570813853
244,243,2.9370161074650305
245,177,2.142019498256592
245,178,2.142019498256592
245,186,2.142019498256592
245,188,2.142019498256592
245,195,2.283098240727817
247,94,2.0598002191283062
247,189,2.3927423260692637
247,245,5.822726424277518
249,247,2.1588648570813853
249,248,2.6359861118010484
251,250,2.1588648570813853
253,252,2.9370161074650305
254,252,2.9370161074650305
254,253,2.9370161074650305
256,255,2.9370161074650305
258,93,2.2380461031290104
258,128,2.0919180674507714
259,93,2.2380461031290104
259,128,2.0919180674507714
259,258,2.9370161074650305
260,93,2.2380461031290104
260,128,2.0919180674507714
260,258,2.9370161074650305
260,259,2.9370161074650305
262,261,2.9370161074650305
264,263,2.9370161074650305
266,265,2.635986111800974
267,265,2.9370161074650305
267,266,2.6359861118010484
268,122,4.659141751440794
268,123,6.500622868501561
268,177,3.0809160051389033
268,178,3.0809160051389033
268,186,3.0809160051389033
268,188,3.0809160051389033
268,189,4.086025750967776
269,69,3.7748400131236517
269,123,3.279202610186877
269,126,2.1593678038456647
269,177,3.7748400131236517
269,178,3.7748400131236517
269,186,3.7748400131236517
269,188,6.4873213509253915
269,189,3.0785727447409106
269,192,3.4448583500094836
269,268,3.920631386395553
270,63,2.034680759206419
270,64,2.2344648297961274
270,186,3.47549137189167
270,188,3.47549137189167
270,189,7.229704018395119
270,192,3.146520861792609
271,69,3.7748400131236517
271,94,2.738528834633818
271,124,3.920631386395553
271,177,6.4873213509253915
271,178,6.4873213509253915
271,188,3.7748400131236517
271,197,2.1593678038456647
272,69,2.0919180674507714
272,124,2.1588648570813853
272,177,2.0919180674507714
272,178,2.0919180674507714
272,186,2.0919180674507714
272,188,2.0919180674507714
272,268,2.1588648570813853
272,269,2.459894852745366
272,270,2.334956116137066
272,271,2.459894852745366
274,273,2.9370161074650305
276,275,2.1593678038455155
277,275,2.1593678038455155
277,276,5.572499854280015
278,275,2.459894852745366
278,276,2.6359861118010484
278,277,2.6359861118010484
281,280,2.6359861118010484
282,280,2.6359861118010484
282,281,2.9370161074650305
284,283,5.572499854280015
285,283,5.572499854280015
285,284,5.572499854280015
287,286,2.9370161074650305
288,286,2.9370161074650305
288,287,2.9370161074650305
289,286,2.9370161074650305
289,287,2.9370161074650305
289,288,2.9370161074650305
291,290,2.9370161074650305
293,292,2.9370161074650305
295,294,2.9370161074650305
297,296,5.095378599560428
298,296,2.6359861118010484
298,297,2.459894852745366
299,296,2.6359861118010484
299,297,2.459894852745366
299,298,2.9370161074650305
300,296,2.335207516712527
300,297,5.095378599560353
302,301,2.334956116137066
303,301,2.334956116137066
303,302,2.9370161074650305
306,250,2.1588648570813853
306,305,2.459894852745366
307,250,4.396408595224336
307,305,2.1593678038455155
307,306,2.635986111800974
308,250,2.1588648570813853
308,305,2.459894852745366
308,306,2.9370161074650305
308,307,2.6359861118010484
309,250,4.396408595224336
309,305,2.1593678038455155
309,306,2.635986111800974
309,307,5.572499854280015
309,308,2.635986111800974
310,250,4.396408595224336
310,305,2.1593678038455155
310,306,2.635986111800974
310,307,5.572499854280015
310,308,2.635986111800974
310,309,5.572499854280015
312,311,2.635986111800974
313,311,2.9370161074650305
313,312,2.6359861118010484
314,311,2.9370161074650305
314,312,2.6359861118010484
314,313,2.9370161074650305
315,311,2.9370161074650305
315,312,2.6359861118010484
315,313,2.9370161074650305
315,314,2.9370161074650305
316,311,2.9370161074650305
316,312,2.6359861118010484
316,313,2.9370161074650305
316,314,2.9370161074650305
316,315,2.9370161074650305
317,311,2.635986111800974
317,312,2.335207516712527
317,313,2.635986111800974
317,314,2.635986111800974
317,315,2.635986111800974
317,316,2.635986111800974
318,311,2.9370161074650305
318,312,2.6359861118010484
318,313,2.9370161074650305
318,314,2.9370161074650305
318,315,2.9370161074650305
318,316,2.9370161074650305
318,317,2.6359861118010484
319,311,2.9370161074650305
319,312,2.6359861118010484
319,313,2.9370161074650305
319,314,2.9370161074650305
319,315,2.9370161074650305
319,316,2.9370161074650305
319,317,2.6359861118010484
319,318,2.9370161074650305
320,305,2.459894852745366
321,228,2.2554725169434318
322,321,2.033926120473086
323,321,2.033926120473086
323,322,2.9370161074650305
324,321,2.033926120473086
324,322,2.9370161074650305
324,323,2.9370161074650305
325,321,2.033926120473086
325,322,2.9370161074650305
325,323,2.9370161074650305
325,324,2.9370161074650305
326,321,2.033926120473086
326,322,2.9370161074650305
326,323,2.9370161074650305
326,324,2.9370161074650305
326,325,2.9370161074650305
328,327,2.9370161074650305
329,327,2.9370161074650305
329,328,2.9370161074650305
330,327,2.9370161074650305
330,328,2.9370161074650305
330,329,2.9370161074650305
332,331,2.9370161074650305
333,331,2.635986111800974
333,332,2.635986111800974
334,331,2.9370161074650305
334,332,2.9370161074650305
334,333,2.6359861118010484
335,331,2.9370161074650305
335,332,2.9370161074650305
335,333,2.6359861118010484
335,334,2.9370161074650305
337,336,2.9370161074650305
338,317,2.6359861118010484
339,317,2.6359861118010484
339,338,2.9370161074650305
340,312,2.6359861118010484
342,341,2.334956116137066
343,341,2.334956116137066
343,342,2.9370161074650305
346,345,2.9370161074650305
347,345,2.9370161074650305
347,346,2.9370161074650305
349,50,2.194850084898851
350,7,7.6386335511678025
352,351,2.2380461031290104
353,351,2.2380461031290104
354,351,2.2380461031290104
354,353,2.9370161074650305
355,351,2.2380461031290104
356,124,2.1588648570813853
358,357,2.9370161074650305
359,357,2.635986111800974
359,358,2.635986111800974
360,357,2.9370161074650305
360,358,2.9370161074650305
360,359,2.6359861118010484
361,29,3.377320643604209
361,228,3.266803631144615
362,51,2.334956116137066
363,51,2.334956116137066
363,362,2.9370161074650305
365,364,2.9370161074650305
366,364,2.9370161074650305
366,365,2.9370161074650305
367,91,2.034680759206419
367,185,2.034680759206419
368,65,2.033926120473086
368,90,2.459894852745366
368,91,2.6359861118010484
368,185,2.6359861118010484
368,231,2.033926120473086
368,367,2.334956116137066
369,65,2.033926120473086
369,90,2.459894852745366
369,91,2.6359861118010484
369,185,2.6359861118010484
369,231,2.033926120473086
369,367,2.334956116137066
369,368,2.9370161074650305
370,65,2.033926120473086
370,90,2.459894852745366
370,91,2.6359861118010484
370,185,2.6359861118010484
370,231,2.033926120473086
370,367,2.334956116137066
370,368,2.9370161074650305
370,369,2.9370161074650305
371,50,2.6586860018962986
372,50,5.434778049673955
372,56,2.3114500128647775
372,57,3.2553246215080973
373,371,2.6359861118010484
375,374,2.9370161074650305
377,33,2.335207516712527
377,376,2.635986111800974
378,376,2.9370161074650305
378,377,2.6359861118010484
379,100,2.625588781703152
379,159,5.780888484898731
381,380,2.9370161074650305
382,162,2.1593678038456647
382,197,2.1593678038456647
383,162,2.6359861118010484
383,382,2.459894852745366
384,162,2.6359861118010484
384,382,2.459894852745366
384,383,2.9370161074650305
386,385,2.6359861118010484
387,228,3.6804052515895354
388,321,2.033926120473086
388,387,2.6359861118010484
389,85,2.6359861118010484
392,391,2.635986111800974
393,391,2.635986111800974
393,392,5.572499854280015
394,391,2.9370161074650305
394,392,2.6359861118010484
394,393,2.6359861118010484
396,395,2.9370161074650305
398,397,2.9370161074650305
400,399,2.9370161074650305
401,399,2.9370161074650305
401,400,2.9370161074650305
402,399,2.9370161074650305
402,400,2.9370161074650305
402,401,2.9370161074650305
404,403,2.9370161074650305
405,159,2.2344648297961274
407,406,2.9370161074650305
409,408,2.334956116137066
410,408,2.334956116137066
410,409,2.9370161074650305
412,411,2.9370161074650305
414,413,2.9370161074650305
415,413,2.9370161074650305
415,414,2.9370161074650305
417,416,2.334956116137066
419,418,2.4598948527454416
420,418,2.9370161074650305
420,419,2.459894852745366
421,418,2.9370161074650305
421,419,2.459894852745366
421,420,2.9370161074650305
423,422,2.6359861118010484
424,422,2.6359861118010484
424,423,2.9370161074650305
426,425,2.9370161074650305
427,425,2.9370161074650305
427,426,2.9370161074650305
429,279,2.2380461031290104
431,408,3.7963644762196833
432,431,2.2380461031290104
433,431,2.2380461031290104
433,432,2.9370161074650305
435,434,2.9370161074650305
436,434,2.9370161074650305
436,435,2.9370161074650305
437,434,2.9370161074650305
437,435,2.9370161074650305
437,436,2.9370161074650305
439,438,2.9370161074650305
440,438,2.9370161074650305
440,439,2.9370161074650305
442,441,2.9370161074650305
444,190,2.1593678038455155
444,191,2.1593678038455155
445,444,2.6359861118010484
447,446,2.9370161074650305
449,448,2.334956116137066
450,69,2.0919180674507714
450,71,2.033926120473086
450,188,2.0919180674507714
450,269,2.459894852745366
451,69,2.0919180674507714
451,71,2.033926120473086
451,188,2.0919180674507714
451,269,2.459894852745366
451,450,2.9370161074650305
452,69,2.0919180674507714
452,71,2.033926120473086
452,188,2.0919180674507714
452,269,2.459894852745366
452,450,2.9370161074650305
452,451,2.9370161074650305
453,126,2.1593678038456647
453,188,3.7748400131236517
453,192,3.4448583500094836
453,269,4.618592966559498
453,450,2.4598948527454416
453,451,2.4598948527454416
453,452,2.4598948527454416
454,126,2.335207516712527
454,188,4.250280559546096
454,192,3.919287340504672
454,269,5.095378599560353
454,450,2.635986111800974
454,451,2.635986111800974
454,452,2.635986111800974
454,453,5.095378599560353
455,69,2.0919180674507714
455,71,2.033926120473086
455,188,2.0919180674507714
455,269,2.459894852745366
455,450,2.9370161074650305
455,451,2.9370161074650305
455,452,2.9370161074650305
455,453,2.459894852745366
455,454,2.6359861118010484
457,456,2.9370161074650305
459,458,2.9370161074650305
460,40,5.095378599560353
460,271,2.1593678038455155
462,461,2.9370161074650305
463,268,3.4004426761339475
464,268,2.1588648570813853
464,463,2.2380461031290104
465,268,2.1588648570813853
465,463,2.2380461031290104
465,464,2.9370161074650305
466,268,2.1588648570813853
466,463,2.2380461031290104
466,464,2.9370161074650305
466,465,2.9370161074650305
468,463,2.2380461031290104
469,463,2.2380461031290104
469,468,2.9370161074650305
470,463,2.2380461031290104
471,283,2.6359861118010484
471,284,2.6359861118010484
471,285,2.6359861118010484
472,448,2.334956116137066
473,448,2.334956116137066
473,472,2.9370161074650305
474,44,2.549294611657104
474,66,4.978534602392087
474,94,3.328749662506759
474,149,4.281979793858076
474,198,3.774840013123513
475,180,2.0919180674507714
475,474,2.0919180674507714
476,248,2.6359861118010484
478,477,2.9370161074650305
480,479,2.635986111800974
481,480,2.6359861118010484
483,482,2.9370161074650305
484,160,2.034680759206419
485,160,2.335207516712527
485,484,2.0346807592064944
487,226,2.1593678038455155
487,227,2.335207516712527
488,226,2.1593678038455155
488,227,2.335207516712527
488,487,5.572499854280015
490,489,2.9370161074650305
491,66,2.2291519777033826
492,491,2.2380461031290104
493,491,2.2380461031290104
494,491,2.2380461031290104
495,26,2.2380461031290104
496,26,4.572499854280014
496,495,2.635986111800974
497,26,2.2380461031290104
497,495,2.9370161074650305
497,496,2.6359861118010484
498,495,2.635986111800974
498,496,2.335207516712527
498,497,2.635986111800974
499,26,2.2380461031290104
499,495,2.9370161074650305
499,496,2.6359861118010484
499,497,2.9370161074650305
499,498,2.6359861118010484
500,26,2.2380461031290104
500,495,2.9370161074650305
500,496,2.6359861118010484
500,497,2.9370161074650305
500,498,2.6359861118010484
500,499,2.9370161074650305
501,26,2.2380461031290104
501,495,2.9370161074650305
501,496,2.6359861118010484
501,497,2.9370161074650305
501,498,2.6359861118010484
501,499,2.9370161074650305
501,500,2.9370161074650305
502,26,2.2380461031290104
502,495,2.9370161074650305
502,496,2.6359861118010484
502,497,2.9370161074650305
502,498,2.6359861118010484
502,499,2.9370161074650305
502,500,2.9370161074650305
502,501,2.9370161074650305
504,503,2.9370161074650305
506,55,2.335207516712527
507,321,2.033926120473086
508,321,2.033926120473086
508,507,2.9370161074650305
509,321,2.033926120473086
509,507,2.9370161074650305
509,508,2.9370161074650305
511,510,5.572499854280015
513,44,2.6804052515895362
513,194,2.335207516712527
513,448,2.0346807592064944
514,194,2.6359861118010484
514,512,2.2380461031290104
514,513,2.6359861118010484
515,194,2.6359861118010484
515,512,2.2380461031290104
515,513,2.6359861118010484
515,514,2.9370161074650305
516,194,2.6359861118010484
516,512,2.2380461031290104
516,513,2.6359861118010484
516,514,2.9370161074650305
516,515,2.9370161074650305
517,71,2.033926120473086
517,158,2.459894852745366
518,71,2.033926120473086
518,158,2.459894852745366
518,517,2.9370161074650305
519,71,2.033926120473086
519,158,2.459894852745366
519,517,2.9370161074650305
519,518,2.9370161074650305
520,71,2.033926120473086
520,158,2.459894852745366
520,517,2.9370161074650305
520,518,2.9370161074650305
520,519,2.9370161074650305
521,71,2.033926120473086
521,158,2.459894852745366
521,517,2.9370161074650305
521,518,2.9370161074650305
521,519,2.9370161074650305
521,520,2.9370161074650305
522,71,2.033926120473086
522,158,2.459894852745366
522,517,2.9370161074650305
522,518,2.9370161074650305
522,519,2.9370161074650305
522,520,2.9370161074650305
522,521,2.9370161074650305
523,71,2.033926120473086
523,158,2.459894852745366
523,517,2.9370161074650305
523,518,2.9370161074650305
523,519,2.9370161074650305
523,520,2.9370161074650305
523,521,2.9370161074650305
523,522,2.9370161074650305
524,71,2.033926120473086
524,158,2.459894852745366
524,517,2.9370161074650305
524,518,2.9370161074650305
524,519,2.9370161074650305
524,520,2.9370161074650305
524,521,2.9370161074650305
524,522,2.9370161074650305
524,523,2.9370161074650305
525,71,2.033926120473086
525,158,2.459894852745366
525,517,2.9370161074650305
525,518,2.9370161074650305
525,519,2.9370161074650305
525,520,2.9370161074650305
525,521,2.9370161074650305
525,522,2.9370161074650305
525,523,2.9370161074650305
525,524,2.9370161074650305
526,448,2.334956116137066
526,474,2.0919180674507714
526,513,2.6359861118010484
527,448,2.334956116137066
527,474,2.0919180674507714
527,513,2.6359861118010484
527,526,2.9370161074650305
528,448,2.334956116137066
528,474,2.0919180674507714
528,513,2.6359861118010484
528,526,2.9370161074650305
528,527,2.9370161074650305
529,448,4.794348603896371
529,513,2.335207516712527
529,526,2.635986111800974
529,527,2.635986111800974
529,528,2.635986111800974
530,448,2.334956116137066
530,474,2.0919180674507714
530,513,2.6359861118010484
530,526,2.9370161074650305
530,527,2.9370161074650305
530,528,2.9370161074650305
530,529,2.6359861118010484
531,448,2.334956116137066
531,474,2.0919180674507714
531,513,2.6359861118010484
531,526,2.9370161074650305
531,527,2.9370161074650305
531,528,2.9370161074650305
531,529,2.6359861118010484
531,530,2.9370161074650305
532,448,2.334956116137066
532,474,2.0919180674507714
532,513,2.6359861118010484
532,526,2.9370161074650305
532,527,2.9370161074650305
532,528,2.9370161074650305
532,529,2.6359861118010484
532,530,2.9370161074650305
532,531,2.9370161074650305
533,448,2.334956116137066
533,474,2.0919180674507714
533,513,2.6359861118010484
533,526,2.9370161074650305
533,527,2.9370161074650305
533,528,2.9370161074650305
533,529,2.6359861118010484
533,530,2.9370161074650305
533,531,2.9370161074650305
533,532,2.9370161074650305
534,448,2.334956116137066
534,474,2.0919180674507714
534,513,2.6359861118010484
534,526,2.9370161074650305
534,527,2.9370161074650305
534,528,2.9370161074650305
534,529,2.6359861118010484
534,530,2.9370161074650305
534,531,2.9370161074650305
534,532,2.9370161074650305
534,533,2.9370161074650305
536,535,2.3349561161369166
537,535,2.9370161074650305
537,536,2.334956116137066
539,538,2.9370161074650305
540,390,3.027914297615814
541,540,2.1588648570813853
543,542,2.9370161074650305
544,542,2.9370161074650305
544,543,2.9370161074650305
546,545,6.430085795108694
547,545,2.2380461031290104
547,546,2.334956116137066
548,545,2.2380461031290104
548,546,2.334956116137066
548,547,2.9370161074650305
550,549,2.9370161074650305
552,551,2.9370161074650305
553,551,2.9370161074650305
553,552,2.9370161074650305
554,551,2.9370161074650305
554,552,2.9370161074650305
554,553,2.9370161074650305
555,551,2.9370161074650305
555,552,2.9370161074650305
555,553,2.9370161074650305
555,554,2.9370161074650305
556,551,2.9370161074650305
556,552,2.9370161074650305
556,553,2.9370161074650305
556,554,2.9370161074650305
556,555,2.9370161074650305
557,551,2.9370161074650305
557,552,2.9370161074650305
557,553,2.9370161074650305
557,554,2.9370161074650305
557,555,2.9370161074650305
557,556,2.9370161074650305
559,558,2.9370161074650305
560,558,2.9370161074650305
560,559,2.9370161074650305
562,561,2.9370161074650305
563,561,2.9370161074650305
563,562,2.9370161074650305
564,16,2.459894852745366
565,16,2.1593678038455155
565,245,3.438960945909797
565,564,2.635986111800974
566,390,3.7118201480149353
568,567,2.9370161074650305
569,567,2.9370161074650305
569,568,2.9370161074650305
572,571,2.9370161074650305
573,536,3.4754913718916063
574,419,2.1593678038455155
574,573,4.250280559546096
575,419,2.459894852745366
575,573,2.0919180674507714
575,574,2.6359861118010484
577,576,2.9370161074650305
579,578,2.9370161074650305
581,580,2.459894852745366
583,582,2.9370161074650305
585,584,2.9370161074650305
588,587,2.9370161074650305
589,241,2.1588648570813853
591,590,2.9370161074650305
593,592,2.9370161074650305
596,595,2.9370161074650305
598,245,2.670930167531733
598,359,2.034680759206419
598,597,2.3349561161369166
600,51,2.334956116137066
602,601,2.6359861118010484
604,603,2.9370161074650305
605,603,2.9370161074650305
605,604,2.9370161074650305
606,603,2.9370161074650305
606,604,2.9370161074650305
606,605,2.9370161074650305
607,603,2.9370161074650305
607,604,2.9370161074650305
607,605,2.9370161074650305
607,606,2.9370161074650305
609,608,2.9370161074650305
611,159,5.364436985045639
611,610,2.238046103129336
612,610,2.9370161074650305
612,611,2.2380461031290104
614,613,2.9370161074650305
616,367,2.0346807592064944
616,615,2.635986111800974
617,351,2.2380461031290104
620,619,2.4598948527454416
621,619,2.9370161074650305
621,620,2.459894852745366
622,619,2.9370161074650305
622,620,2.459894852745366
622,621,2.9370161074650305
623,619,2.9370161074650305
623,620,2.459894852745366
623,621,2.9370161074650305
623,622,2.9370161074650305
624,619,2.9370161074650305
624,620,2.459894852745366
624,621,2.9370161074650305
624,622,2.9370161074650305
624,623,2.9370161074650305
625,619,2.9370161074650305
625,620,2.459894852745366
625,621,2.9370161074650305
625,622,2.9370161074650305
625,623,2.9370161074650305
625,624,2.9370161074650305
626,619,2.635986111800974
626,620,2.1593678038455155
626,621,2.635986111800974
626,622,2.635986111800974
626,623,2.635986111800974
626,624,2.635986111800974
626,625,2.635986111800974
627,619,2.9370161074650305
627,620,2.459894852745366
627,621,2.9370161074650305
627,622,2.9370161074650305
627,623,2.9370161074650305
627,624,2.9370161074650305
627,625,2.9370161074650305
627,626,2.6359861118010484
629,628,2.9370161074650305
630,203,2.2380461031290104
632,631,2.9370161074650305
633,631,2.9370161074650305
633,632,2.9370161074650305
634,631,2.9370161074650305
634,632,2.9370161074650305
634,633,2.9370161074650305
635,631,2.9370161074650305
635,632,2.9370161074650305
635,633,2.9370161074650305
635,634,2.9370161074650305
637,636,5.095378599560353
639,638,2.9370161074650305
640,638,2.9370161074650305
640,639,2.9370161074650305
641,638,2.9370161074650305
641,639,2.9370161074650305
641,640,2.9370161074650305
642,341,2.0346807592064944
643,341,2.334956116137066
643,642,2.6359861118010484
644,189,4.775876241947023
645,644,2.0346807592064944
646,644,2.334956116137066
646,645,2.6359861118010484
648,647,2.9370161074650305
649,647,2.9370161074650305
649,648,2.9370161074650305
650,647,2.9370161074650305
650,648,2.9370161074650305
650,649,2.9370161074650305
651,647,2.9370161074650305
651,648,2.9370161074650305
651,649,2.9370161074650305
651,650,2.9370161074650305
652,647,2.9370161074650305
652,648,2.9370161074650305
652,649,2.9370161074650305
652,650,2.9370161074650305
652,651,2.9370161074650305
653,647,2.9370161074650305
653,648,2.9370161074650305
653,649,2.9370161074650305
653,650,2.9370161074650305
653,651,2.9370161074650305
653,652,2.9370161074650305
654,647,2.9370161074650305
654,648,2.9370161074650305
654,649,2.9370161074650305
654,650,2.9370161074650305
654,651,2.9370161074650305
654,652,2.9370161074650305
654,653,2.9370161074650305
656,655,2.459894852745366
658,657,2.6359861118010484
659,657,2.6359861118010484
659,658,2.9370161074650305
661,660,4.794348603896371
662,660,2.334956116137066
662,661,2.6359861118010484
664,663,2.4598948527454416
665,663,2.9370161074650305
665,664,2.459894852745366
666,663,2.9370161074650305
666,664,2.459894852745366
666,665,2.9370161074650305
667,663,2.9370161074650305
667,664,2.459894852745366
667,665,2.9370161074650305
667,666,2.9370161074650305
669,668,2.9370161074650305
670,668,2.9370161074650305
670,669,2.9370161074650305
671,668,2.9370161074650305
671,669,2.9370161074650305
671,670,2.9370161074650305
672,668,2.9370161074650305
672,669,2.9370161074650305
672,670,2.9370161074650305
672,671,2.9370161074650305
674,673,2.9370161074650305
675,168,2.0919180674507714
676,219,2.459894852745366
677,66,4.2490481504852085
677,94,4.2490481504852085
677,149,5.214878960881022
677,198,4.317898852181404
677,474,8.82076862542162
678,66,3.328749662506759
678,94,3.328749662506759
678,149,4.281979793858076
678,198,3.774840013123513
678,474,7.280340486885419
678,677,8.820768625421806
679,474,2.0919180674507714
679,677,2.334956116137066
679,678,2.0919180674507714
681,680,2.9370161074650305
684,683,2.9370161074650305
686,685,2.9370161074650305
687,685,2.9370161074650305
687,686,2.9370161074650305
688,685,2.9370161074650305
688,686,2.9370161074650305
688,687,2.9370161074650305
690,689,2.9370161074650305
692,691,2.9370161074650305
693,691,2.9370161074650305
693,692,2.9370161074650305
695,694,2.9370161074650305
696,694,2.9370161074650305
696,695,2.9370161074650305
697,694,2.9370161074650305
697,695,2.9370161074650305
697,696,2.9370161074650305
698,694,2.635986111800974
698,695,2.635986111800974
698,696,2.635986111800974
698,697,2.635986111800974
700,699,2.9370161074650305
702,701,2.459894852745366
704,703,2.635986111800974
705,703,2.635986111800974
705,704,2.335207516712527
706,703,2.635986111800974
706,704,2.335207516712527
706,705,5.572499854280015
707,704,2.6359861118010484
709,708,2.9370161074650305
710,50,3.4161738609174783
710,56,2.8433953398843856
710,159,2.2344648297961274
710,333,2.034680759206419
712,711,2.9370161074650305
714,713,2.9370161074650305
715,159,2.2344648297961274
717,716,2.9370161074650305
719,718,2.9370161074650305
720,718,2.9370161074650305
720,719,2.9370161074650305
722,721,2.9370161074650305
723,70,2.2380461031290104
723,196,2.334956116137066
723,268,2.1588648570813853
724,70,2.2380461031290104
724,196,2.334956116137066
724,268,2.1588648570813853
724,723,2.9370161074650305
725,122,3.919287340504672
725,190,2.1593678038455155
725,196,4.794348603896371
725,197,2.335207516712527
725,199,2.0346807592064944
725,271,2.1593678038455155
725,382,2.1593678038455155
725,723,2.635986111800974
725,724,2.635986111800974
728,727,2.9370161074650305
730,729,2.9370161074650305
731,729,2.4598948527454416
731,730,2.4598948527454416
733,732,2.9370161074650305
735,50,3.860842686432043
735,56,3.9429332194901265
735,57,5.490350609417522
735,372,2.936471254245322
735,710,3.4754913718916063
736,245,3.438960945909797
736,682,2.335207516712527
737,245,3.438960945909797
737,682,2.335207516712527
737,736,5.572499854280015
738,245,3.438960945909797
738,682,2.335207516712527
738,736,5.572499854280015
738,737,5.572499854280015
739,682,2.6359861118010484
739,736,2.6359861118010484
739,737,2.6359861118010484
739,738,2.6359861118010484
740,682,2.6359861118010484
740,736,2.6359861118010484
740,737,2.6359861118010484
740,738,2.6359861118010484
740,739,2.9370161074650305
741,682,2.6359861118010484
741,736,2.6359861118010484
741,737,2.6359861118010484
741,738,2.6359861118010484
741,739,2.9370161074650305
741,740,2.9370161074650305
742,682,2.6359861118010484
742,736,2.6359861118010484
742,737,2.6359861118010484
742,738,2.6359861118010484
742,739,2.9370161074650305
742,740,2.9370161074650305
742,741,2.9370161074650305
744,743,2.9370161074650305
745,743,2.9370161074650305
745,744,2.9370161074650305
746,715,2.334956116137066
748,747,2.9370161074650305
749,50,3.4161738609174783
750,749,2.334956116137066
751,735,4.250280559546096
752,15,2.2380461031290104
753,349,2.1593678038455155
753,701,2.1593678038455155
753,749,2.0346807592064944
755,611,2.2380461031290104
755,715,2.334956116137066
756,611,2.2380461031290104
756,715,2.334956116137066
756,755,2.9370161074650305
757,611,2.2380461031290104
757,715,2.334956116137066
757,755,2.9370161074650305
757,756,2.9370161074650305
758,611,2.2380461031290104
758,715,2.334956116137066
758,755,2.9370161074650305
758,756,2.9370161074650305
758,757,2.9370161074650305
759,611,2.2380461031290104
759,715,2.334956116137066
759,755,2.9370161074650305
759,756,2.9370161074650305
759,757,2.9370161074650305
759,758,2.9370161074650305
760,642,2.6359861118010484
761,642,2.6359861118010484
761,760,2.9370161074650305
762,642,2.6359861118010484
762,760,2.9370161074650305
762,761,2.9370161074650305
763,642,2.6359861118010484
763,760,2.9370161074650305
763,761,2.9370161074650305
763,762,2.9370161074650305
764,611,2.2380461031290104
765,611,2.2380461031290104
765,764,2.9370161074650305
767,766,2.6359861118010484
768,766,2.6359861118010484
768,767,2.9370161074650305
769,766,2.6359861118010484
769,767,2.9370161074650305
769,768,2.9370161074650305
772,771,2.459894852745366
773,771,2.459894852745366
773,772,2.9370161074650305
774,33,2.335207516712527
774,377,2.335207516712527
775,774,2.6359861118010484
776,226,5.095378599560353
776,227,2.335207516712527
776,487,2.335207516712527
776,488,2.335207516712527
777,226,2.459894852745366
777,227,2.6359861118010484
777,487,2.6359861118010484
777,488,2.6359861118010484
777,776,2.6359861118010484
778,512,2.2380461031290104
781,780,2.459894852745366
782,135,2.6359861118010484
783,780,2.459894852745366
785,784,2.9370161074650305
786,611,2.2380461031290104
787,611,2.2380461031290104
787,786,2.9370161074650305
788,611,4.572499854280014
788,786,2.635986111800974
788,787,2.635986111800974
789,611,2.2380461031290104
789,786,2.9370161074650305
789,787,2.9370161074650305
789,788,2.6359861118010484
791,790,2.9370161074650305
793,792,2.9370161074650305
794,792,2.9370161074650305
794,793,2.9370161074650305
795,792,2.9370161074650305
795,793,2.9370161074650305
795,794,2.9370161074650305
796,792,2.9370161074650305
796,793,2.9370161074650305
796,794,2.9370161074650305
796,795,2.9370161074650305
798,797,2.9370161074650305
799,797,2.9370161074650305
799,798,2.9370161074650305
800,797,2.9370161074650305
800,798,2.9370161074650305
800,799,2.9370161074650305
801,44,2.2162235587121786
801,64,2.526698382936371
801,66,2.738528834633818
801,94,2.738528834633818
801,122,3.4448583500094836
801,126,2.1593678038456647
801,177,3.7748400131236517
801,178,3.7748400131236517
801,188,3.7748400131236517
801,192,3.4448583500094836
801,195,3.920631386395553
801,197,2.1593678038456647
801,245,2.9669014557378577
801,454,2.1593678038456647
801,725,2.1593678038456647
803,802,2.9370161074650305
804,802,2.9370161074650305
804,803,2.9370161074650305
805,802,2.9370161074650305
805,803,2.9370161074650305
805,804,2.9370161074650305
806,802,2.3349561161369166
806,803,2.3349561161369166
806,804,2.3349561161369166
806,805,2.3349561161369166
807,802,2.9370161074650305
807,803,2.9370161074650305
807,804,2.9370161074650305
807,805,2.9370161074650305
807,806,2.334956116137066
808,29,2.763058663974347
808,94,2.2291519777033826
808,245,4.209526262586431
808,247,5.732630419099506
809,69,2.0919180674507714
809,71,2.033926120473086
809,124,2.1588648570813853
809,177,2.0919180674507714
809,178,2.0919180674507714
809,188,2.0919180674507714
809,190,2.459894852745366
809,195,2.1588648570813853
809,196,2.334956116137066
809,197,2.6359861118010484
809,199,2.334956116137066
809,247,2.1588648570813853
809,271,2.459894852745366
809,382,2.459894852745366
809,725,2.6359861118010484
809,801,2.459894852745366
809,808,2.2380461031290104
810,44,2.6804052515895362
810,64,2.9950080544427915
810,66,3.2088878743878704
810,122,3.919287340504672
810,126,2.335207516712527
810,177,4.250280559546096
810,178,4.250280559546096
810,188,4.250280559546096
810,190,2.1593678038455155
810,192,3.919287340504672
810,195,4.396408595224336
810,196,2.0346807592064944
810,197,2.335207516712527
810,199,2.0346807592064944
810,245,3.438960945909797
810,269,2.1593678038455155
810,271,2.1593678038455155
810,382,2.1593678038455155
810,453,2.1593678038455155
810,454,2.335207516712527
810,725,2.335207516712527
810,801,5.095378599560353
810,809,2.635986111800974
811,69,2.0919180674507714
811,71,2.033926120473086
811,124,2.1588648570813853
811,177,2.0919180674507714
811,178,2.0919180674507714
811,188,2.0919180674507714
811,190,2.459894852745366
811,195,2.1588648570813853
811,196,2.334956116137066
811,197,2.6359861118010484
811,199,2.334956116137066
811,247,2.1588648570813853
811,271,2.459894852745366
811,382,2.459894852745366
811,725,2.6359861118010484
811,801,2.459894852745366
811,808,2.2380461031290104
811,809,2.9370161074650305
811,810,2.6359861118010484
813,812,2.9370161074650305
814,812,2.9370161074650305
814,813,2.9370161074650305
815,812,2.635986111800974
815,813,2.635986111800974
815,814,2.635986111800974
817,816,2.9370161074650305
819,818,2.9370161074650305
821,820,2.9370161074650305
822,771,5.095378599560353
823,771,2.459894852745366
823,822,2.6359861118010484
825,824,2.9370161074650305
826,824,2.9370161074650305
826,825,2.9370161074650305
827,50,2.194850084898851
827,100,4.096386243822389
827,104,2.1593678038456647
827,159,4.5160455021872865
827,379,3.1403818882269743
828,100,2.2380461031290104
828,827,2.459894852745366
830,829,2.9370161074650305
832,831,2.9370161074650305
834,833,2.9370161074650305
836,835,5.572499854280015
837,835,2.335207516712527
837,836,2.335207516712527
838,835,2.6359861118010484
838,836,2.6359861118010484
838,837,2.6359861118010484
839,835,2.6359861118010484
839,836,2.6359861118010484
839,837,2.6359861118010484
839,838,2.9370161074650305
840,835,2.6359861118010484
840,836,2.6359861118010484
840,837,2.6359861118010484
840,838,2.9370161074650305
840,839,2.9370161074650305
841,835,2.6359861118010484
841,836,2.6359861118010484
841,837,2.6359861118010484
841,838,2.9370161074650305
841,839,2.9370161074650305
841,840,2.9370161074650305
842,835,2.6359861118010484
842,836,2.6359861118010484
842,837,2.6359861118010484
842,838,2.9370161074650305
842,839,2.9370161074650305
842,840,2.9370161074650305
842,841,2.9370161074650305
843,835,2.6359861118010484
843,836,2.6359861118010484
843,837,2.6359861118010484
843,838,2.9370161074650305
843,839,2.9370161074650305
843,840,2.9370161074650305
843,841,2.9370161074650305
843,842,2.9370161074650305
844,835,2.6359861118010484
844,836,2.6359861118010484
844,837,2.6359861118010484
844,838,2.9370161074650305
844,839,2.9370161074650305
844,840,2.9370161074650305
844,841,2.9370161074650305
844,842,2.9370161074650305
844,843,2.9370161074650305
845,835,2.6359861118010484
845,836,2.6359861118010484
845,837,2.6359861118010484
845,838,2.9370161074650305
845,839,2.9370161074650305
845,840,2.9370161074650305
845,841,2.9370161074650305
845,842,2.9370161074650305
845,843,2.9370161074650305
845,844,2.9370161074650305
846,835,2.6359861118010484
846,836,2.6359861118010484
846,837,2.6359861118010484
846,838,2.9370161074650305
846,839,2.9370161074650305
846,840,2.9370161074650305
846,841,2.9370161074650305
846,842,2.9370161074650305
846,843,2.9370161074650305
846,844,2.9370161074650305
846,845,2.9370161074650305
847,835,2.6359861118010484
847,836,2.6359861118010484
847,837,2.6359861118010484
847,838,2.9370161074650305
847,839,2.9370161074650305
847,840,2.9370161074650305
847,841,2.9370161074650305
847,842,2.9370161074650305
847,843,2.9370161074650305
847,844,2.9370161074650305
847,845,2.9370161074650305
847,846,2.9370161074650305
848,101,2.334956116137066
850,279,2.2380461031290104
850,849,2.6359861118010484
851,385,2.034680759206419
852,851,2.334956116137066
853,851,2.334956116137066
853,852,2.9370161074650305
854,851,2.334956116137066
854,852,2.9370161074650305
854,853,2.9370161074650305
856,855,2.334956116137066
857,678,2.0919180674507714
858,40,2.459894852745366
858,177,2.0919180674507714
858,178,2.0919180674507714
858,271,2.459894852745366
858,460,2.6359861118010484
859,40,2.459894852745366
859,177,2.0919180674507714
859,178,2.0919180674507714
859,271,2.459894852745366
859,460,2.6359861118010484
859,858,2.9370161074650305
860,40,2.459894852745366
860,177,2.0919180674507714
860,178,2.0919180674507714
860,271,2.459894852745366
860,460,2.6359861118010484
860,858,2.9370161074650305
860,859,2.9370161074650305
861,40,2.459894852745366
861,177,2.0919180674507714
861,178,2.0919180674507714
861,271,2.459894852745366
861,460,2.6359861118010484
861,858,2.9370161074650305
861,859,2.9370161074650305
861,860,2.9370161074650305
863,862,2.9370161074650305
864,862,2.9370161074650305
864,863,2.9370161074650305
865,664,2.459894852745366
866,664,2.459894852745366
866,865,2.9370161074650305
868,867,2.9370161074650305
870,869,2.9370161074650305
871,869,2.9370161074650305
871,870,2.9370161074650305
872,869,2.9370161074650305
872,870,2.9370161074650305
872,871,2.9370161074650305
873,869,2.9370161074650305
873,870,2.9370161074650305
873,871,2.9370161074650305
873,872,2.9370161074650305
874,869,2.9370161074650305
874,870,2.9370161074650305
874,871,2.9370161074650305
874,872,2.9370161074650305
874,873,2.9370161074650305
875,869,2.9370161074650305
875,870,2.9370161074650305
875,871,2.9370161074650305
875,872,2.9370161074650305
875,873,2.9370161074650305
875,874,2.9370161074650305
877,876,2.9370161074650305
879,878,2.9370161074650305
880,878,2.4598948527454416
880,879,2.4598948527454416
881,69,2.0919180674507714
881,128,2.0919180674507714
881,231,2.033926120473086
881,573,2.0919180674507714
882,69,2.0919180674507714
882,128,2.0919180674507714
882,231,2.033926120473086
882,573,2.0919180674507714
882,881,2.9370161074650305
883,351,2.2380461031290104
884,270,2.334956116137066
885,270,2.0346807592064944
885,884,2.635986111800974
886,270,2.334956116137066
886,884,2.9370161074650305
886,885,2.6359861118010484
887,94,3.2088878743878704
887,149,3.8321371647857725
887,198,5.095378599560353
887,474,4.250280559546096
887,677,4.794348603896371
887,678,4.250280559546096
888,94,3.2088878743878704
888,149,3.8321371647857725
888,198,5.095378599560353
888,474,4.250280559546096
888,677,4.794348603896371
888,678,4.250280559546096
888,887,5.572499854280015
889,94,3.2088878743878704
889,149,3.8321371647857725
889,198,5.095378599560353
889,474,4.250280559546096
889,677,4.794348603896371
889,678,4.250280559546096
889,887,5.572499854280015
889,888,5.572499854280015
891,26,2.2380461031290104
892,710,2.334956116137066
892,735,2.0919180674507714
893,226,2.459894852745366
893,776,2.6359861118010484
894,594,3.279202610186877
895,594,3.752955918738146
895,894,5.095378599560353
896,894,2.459894852745366
896,895,2.6359861118010484
897,894,2.459894852745366
897,895,2.6359861118010484
897,896,2.9370161074650305
899,65,2.033926120473086
899,198,2.459894852745366
899,474,2.0919180674507714
899,677,2.334956116137066
899,678,2.0919180674507714
899,887,2.6359861118010484
899,888,2.6359861118010484
899,889,2.6359861118010484
901,900,2.9370161074650305
903,902,2.9370161074650305
904,422,2.6359861118010484
906,905,2.9370161074650305
907,905,2.9370161074650305
907,906,2.9370161074650305
908,93,2.2380461031290104
908,128,2.0919180674507714
910,909,2.9370161074650305
911,909,2.9370161074650305
911,910,2.9370161074650305
912,909,2.9370161074650305
912,910,2.9370161074650305
912,911,2.9370161074650305
914,913,2.9370161074650305
915,913,2.9370161074650305
915,914,2.9370161074650305
916,70,2.2380461031290104
916,124,2.1588648570813853
917,70,2.2380461031290104
918,484,2.334956116137066
920,919,2.9370161074650305
923,922,2.9370161074650305
924,228,4.9767585695859005
924,361,2.981540200750579
924,387,2.034680759206419
924,922,2.3349561161369166
924,923,2.3349561161369166
925,922,2.635986111800974
925,923,2.635986111800974
925,924,2.0346807592064944
926,922,2.9370161074650305
926,923,2.9370161074650305
926,924,2.334956116137066
926,925,2.6359861118010484
927,922,2.9370161074650305
927,923,2.9370161074650305
927,924,2.334956116137066
927,925,2.6359861118010484
927,926,2.9370161074650305
928,922,2.9370161074650305
928,923,2.9370161074650305
928,924,2.334956116137066
928,925,2.6359861118010484
928,926,2.9370161074650305
928,927,2.9370161074650305
929,922,2.9370161074650305
929,923,2.9370161074650305
929,924,2.334956116137066
929,925,2.6359861118010484
929,926,2.9370161074650305
929,927,2.9370161074650305
929,928,2.9370161074650305
931,930,2.9370161074650305
932,930,2.9370161074650305
932,931,2.9370161074650305
935,934,2.6359861118010484
936,934,2.6359861118010484
936,935,2.9370161074650305
937,934,2.6359861118010484
937,935,2.9370161074650305
937,936,2.9370161074650305
938,934,2.6359861118010484
938,935,2.9370161074650305
938,936,2.9370161074650305
938,937,2.9370161074650305
939,934,2.6359861118010484
939,935,2.9370161074650305
939,936,2.9370161074650305
939,937,2.9370161074650305
939,938,2.9370161074650305
941,940,2.9370161074650305
942,660,2.334956116137066
943,660,2.334956116137066
943,942,2.9370161074650305
946,945,5.572499854280015
951,950,2.9370161074650305
954,186,2.0919180674507714
954,247,2.1588648570813853
954,953,2.6359861118010484
955,186,2.0919180674507714
955,247,2.1588648570813853
955,953,2.6359861118010484
955,954,2.9370161074650305
956,186,2.0919180674507714
956,247,2.1588648570813853
956,953,2.6359861118010484
956,954,2.9370161074650305
956,955,2.9370161074650305
957,186,2.0919180674507714
957,247,2.1588648570813853
957,953,2.6359861118010484
957,954,2.9370161074650305
957,955,2.9370161074650305
957,956,2.9370161074650305
958,186,2.0919180674507714
958,247,2.1588648570813853
958,953,2.6359861118010484
958,954,2.9370161074650305
958,955,2.9370161074650305
958,956,2.9370161074650305
958,957,2.9370161074650305
959,62,2.1593678038456647
959,63,2.1593678038456647
960,62,2.6359861118010484
960,959,2.459894852745366
961,62,2.6359861118010484
961,959,2.459894852745366
961,960,2.9370161074650305
962,62,2.6359861118010484
962,959,2.459894852745366
962,960,2.9370161074650305
962,961,2.9370161074650305
963,62,2.6359861118010484
963,959,2.459894852745366
963,960,2.9370161074650305
963,961,2.9370161074650305
963,962,2.9370161074650305
964,62,2.6359861118010484
964,959,2.459894852745366
964,960,2.9370161074650305
964,961,2.9370161074650305
964,962,2.9370161074650305
964,963,2.9370161074650305
965,62,2.1593678038456647
965,960,2.4598948527454416
965,961,2.4598948527454416
965,962,2.4598948527454416
965,963,2.4598948527454416
965,964,2.4598948527454416
967,966,2.9370161074650305
968,636,2.459894852745366
969,104,2.6359861118010484
969,827,2.459894852745366
970,104,2.6359861118010484
970,827,2.459894852745366
970,969,2.9370161074650305
971,104,2.6359861118010484
971,827,2.459894852745366
971,969,2.9370161074650305
971,970,2.9370161074650305
972,15,2.2380461031290104
972,268,2.1588648570813853
973,15,2.2380461031290104
973,268,2.1588648570813853
973,972,2.9370161074650305
976,975,2.9370161074650305
978,977,2.9370161074650305
979,565,2.6359861118010484
981,980,2.635986111800974
982,980,2.9370161074650305
982,981,2.6359861118010484
983,247,2.1588648570813853
983,808,2.2380461031290104
985,190,2.1593678038455155
985,191,2.1593678038455155
985,444,2.335207516712527
985,984,2.635986111800974
988,987,2.9370161074650305
990,989,2.9370161074650305
991,989,2.9370161074650305
991,990,2.9370161074650305
992,540,2.1588648570813853
993,341,2.334956116137066
995,994,2.9370161074650305
996,994,2.9370161074650305
996,995,2.9370161074650305
998,997,2.9370161074650305
999,997,2.9370161074650305
999,998,2.9370161074650305
1000,430,4.016197353512727
1001,431,2.2380461031290104
1002,431,2.2380461031290104
1002,1001,2.9370161074650305
1004,1003,2.9370161074650305
1006,33,2.6359861118010484
1006,377,2.6359861118010484
1006,774,2.6359861118010484
1007,33,2.335207516712527
1007,377,2.335207516712527
1007,774,2.335207516712527
1007,1006,2.635986111800974
1009,1008,2.6359861118010484
1011,655,2.459894852745366
1012,806,2.334956116137066
1015,1014,2.9370161074650305
1016,1014,2.9370161074650305
1016,1015,2.9370161074650305
1017,1014,2.9370161074650305
1017,1015,2.9370161074650305
1017,1016,2.9370161074650305
1018,1014,2.9370161074650305
1018,1015,2.9370161074650305
1018,1016,2.9370161074650305
1018,1017,2.9370161074650305
1020,1019,2.9370161074650305
1021,114,2.6359861118010484
1022,114,2.6359861118010484
1022,1021,2.9370161074650305
1024,1023,2.9370161074650305
1025,46,4.250280559546096
1026,250,2.1588648570813853
1028,1027,2.2380461031290104
1029,1027,2.2380461031290104
1031,1030,2.9370161074650305
1032,1027,2.2380461031290104
1033,1027,2.2380461031290104
1035,231,2.033926120473086
1035,301,2.334956116137066
1036,231,2.033926120473086
1036,301,2.334956116137066
1036,1035,2.9370161074650305
1037,231,2.033926120473086
1037,301,2.334956116137066
1037,1035,2.9370161074650305
1037,1036,2.9370161074650305
1038,231,2.033926120473086
1038,301,2.334956116137066
1038,1035,2.9370161074650305
1038,1036,2.9370161074650305
1038,1037,2.9370161074650305
1040,1039,2.9370161074650305
1041,1039,2.9370161074650305
1041,1040,2.9370161074650305
1044,1043,2.9370161074650305
1045,128,2.0919180674507714
1045,180,2.0919180674507714
1045,188,2.0919180674507714
1045,231,2.033926120473086
1045,419,2.459894852745366
1046,128,2.0919180674507714
1046,180,2.0919180674507714
1046,188,2.0919180674507714
1046,231,2.033926120473086
1046,419,2.459894852745366
1046,1045,2.9370161074650305
1047,484,2.334956116137066
1049,1048,2.9370161074650305
1050,217,2.334956116137066
1052,1051,2.9370161074650305
1054,1053,2.9370161074650305
1056,305,2.459894852745366
1057,141,2.033926120473086
1058,141,2.033926120473086
1058,1057,2.9370161074650305
1059,141,2.033926120473086
1059,1057,2.9370161074650305
1059,1058,2.9370161074650305
1060,894,2.459894852745366
1060,895,2.6359861118010484
1061,894,2.459894852745366
1061,895,2.6359861118010484
1061,1060,2.9370161074650305
1062,474,2.0919180674507714
1062,677,2.334956116137066
1062,678,2.0919180674507714
1065,1064,2.9370161074650305
1066,1064,2.9370161074650305
1066,1065,2.9370161074650305
1067,1064,2.9370161074650305
1067,1065,2.9370161074650305
1067,1066,2.9370161074650305
1068,1064,2.635986111800974
1068,1065,2.635986111800974
1068,1066,2.635986111800974
1068,1067,2.635986111800974
1069,1064,2.9370161074650305
1069,1065,2.9370161074650305
1069,1066,2.9370161074650305
1069,1067,2.9370161074650305
1069,1068,2.6359861118010484
1070,1064,2.9370161074650305
1070,1065,2.9370161074650305
1070,1066,2.9370161074650305
1070,1067,2.9370161074650305
1070,1068,2.6359861118010484
1070,1069,2.9370161074650305
1071,1064,2.9370161074650305
1071,1065,2.9370161074650305
1071,1066,2.9370161074650305
1071,1067,2.9370161074650305
1071,1068,2.6359861118010484
1071,1069,2.9370161074650305
1071,1070,2.9370161074650305
1072,463,2.2380461031290104
1074,1073,2.9370161074650305
1075,250,2.1588648570813853
1077,1076,2.9370161074650305
1078,1076,2.9370161074650305
1078,1077,2.9370161074650305
1079,1008,2.6359861118010484
1080,1008,2.6359861118010484
1080,1079,2.9370161074650305
1081,1008,2.6359861118010484
1081,1079,2.9370161074650305
1081,1080,2.9370161074650305
1083,71,2.033926120473086
1083,196,2.334956116137066
1083,199,2.334956116137066
1084,880,2.459894852745366
1086,1085,2.9370161074650305
1087,1085,2.9370161074650305
1087,1086,2.9370161074650305
1088,1085,2.9370161074650305
1088,1086,2.9370161074650305
1088,1087,2.9370161074650305
1089,1085,2.9370161074650305
1089,1086,2.9370161074650305
1089,1087,2.9370161074650305
1089,1088,2.9370161074650305
1090,1085,2.9370161074650305
1090,1086,2.9370161074650305
1090,1087,2.9370161074650305
1090,1088,2.9370161074650305
1090,1089,2.9370161074650305
1091,1085,2.9370161074650305
1091,1086,2.9370161074650305
1091,1087,2.9370161074650305
1091,1088,2.9370161074650305
1091,1089,2.9370161074650305
1091,1090,2.9370161074650305
1093,1092,2.9370161074650305
1095,1094,2.9370161074650305
1097,1096,2.9370161074650305
1098,1096,2.9370161074650305
1098,1097,2.9370161074650305
1099,108,2.2380461031290104
1099,664,2.459894852745366
1100,108,2.2380461031290104
1100,664,2.459894852745366
1100,1099,2.9370161074650305
1101,108,2.2380461031290104
1102,367,4.794348603896371
1102,616,2.335207516712527
1103,367,4.794348603896371
1103,616,2.335207516712527
1103,1102,2.335207516712527
1104,63,2.6359861118010484
1104,90,2.459894852745366
1104,100,2.2380461031290104
1104,186,2.0919180674507714
1104,188,2.0919180674507714
1104,195,2.1588648570813853
1104,270,2.334956116137066
1104,474,2.0919180674507714
1104,959,2.459894852745366
1105,63,2.6359861118010484
1105,90,2.459894852745366
1105,100,2.2380461031290104
1105,186,2.0919180674507714
1105,188,2.0919180674507714
1105,195,2.1588648570813853
1105,270,2.334956116137066
1105,474,2.0919180674507714
1105,959,2.459894852745366
1105,1104,2.9370161074650305
1106,63,2.6359861118010484
1106,90,2.459894852745366
1106,100,2.2380461031290104
1106,186,2.0919180674507714
1106,188,2.0919180674507714
1106,195,2.1588648570813853
1106,270,2.334956116137066
1106,474,2.0919180674507714
1106,959,2.459894852745366
1106,1104,2.9370161074650305
1106,1105,2.9370161074650305
1107,63,2.6359861118010484
1107,90,2.459894852745366
1107,100,2.2380461031290104
1107,186,2.0919180674507714
1107,188,2.0919180674507714
1107,195,2.1588648570813853
1107,270,2.334956116137066
1107,474,2.0919180674507714
1107,959,2.459894852745366
1107,1104,2.9370161074650305
1107,1105,2.9370161074650305
1107,1106,2.9370161074650305
1108,63,2.6359861118010484
1108,90,2.459894852745366
1108,100,2.2380461031290104
1108,186,2.0919180674507714
1108,188,2.0919180674507714
1108,195,2.1588648570813853
1108,270,2.334956116137066
1108,474,2.0919180674507714
1108,959,2.459894852745366
1108,1104,2.9370161074650305
1108,1105,2.9370161074650305
1108,1106,2.9370161074650305
1108,1107,2.9370161074650305
1109,63,2.6359861118010484
1109,90,2.459894852745366
1109,100,2.2380461031290104
1109,186,2.0919180674507714
1109,188,2.0919180674507714
1109,195,2.1588648570813853
1109,270,2.334956116137066
1109,474,2.0919180674507714
1109,959,2.459894852745366
1109,1104,2.9370161074650305
1109,1105,2.9370161074650305
1109,1106,2.9370161074650305
1109,1107,2.9370161074650305
1109,1108,2.9370161074650305
1110,63,2.6359861118010484
1110,90,2.459894852745366
1110,100,2.2380461031290104
1110,186,2.0919180674507714
1110,188,2.0919180674507714
1110,195,2.1588648570813853
1110,270,2.334956116137066
1110,474,2.0919180674507714
1110,959,2.459894852745366
1110,1104,2.9370161074650305
1110,1105,2.9370161074650305
1110,1106,2.9370161074650305
1110,1107,2.9370161074650305
1110,1108,2.9370161074650305
1110,1109,2.9370161074650305
1111,63,2.6359861118010484
1111,90,2.459894852745366
1111,100,2.2380461031290104
1111,186,2.0919180674507714
1111,188,2.0919180674507714
1111,195,2.1588648570813853
1111,270,2.334956116137066
1111,474,2.0919180674507714
1111,959,2.459894852745366
1111,1104,2.9370161074650305
1111,1105,2.9370161074650305
1111,1106,2.9370161074650305
1111,1107,2.9370161074650305
1111,1108,2.9370161074650305
1111,1109,2.9370161074650305
1111,1110,2.9370161074650305
1112,851,2.334956116137066
1113,851,2.334956116137066
1113,1112,2.9370161074650305
1114,851,2.334956116137066
1114,1112,2.9370161074650305
1114,1113,2.9370161074650305
1115,851,2.334956116137066
1115,1112,2.9370161074650305
1115,1113,2.9370161074650305
1115,1114,2.9370161074650305
1116,126,2.335207516712527
1116,269,2.1593678038455155
1116,382,2.1593678038455155
1116,453,2.1593678038455155
1116,454,2.335207516712527
1116,749,2.0346807592064944
1116,801,2.1593678038455155
1116,810,2.335207516712527
1116,959,2.1593678038455155
1117,247,2.1588648570813853
1117,808,2.2380461031290104
1118,247,2.1588648570813853
1118,808,2.2380461031290104
1118,1117,2.9370161074650305
1119,247,2.1588648570813853
1119,808,2.2380461031290104
1119,1117,2.9370161074650305
1119,1118,2.9370161074650305
1121,1120,2.9370161074650305
1122,1120,2.9370161074650305
1122,1121,2.9370161074650305
1123,1120,2.9370161074650305
1123,1121,2.9370161074650305
1123,1122,2.9370161074650305
1125,491,2.2380461031290104
1126,491,2.2380461031290104
1126,1125,2.9370161074650305
1127,808,2.2380461031290104
1128,808,2.2380461031290104
1128,1127,2.9370161074650305
1129,808,2.2380461031290104
1129,1127,2.9370161074650305
1129,1128,2.9370161074650305
1131,1130,2.6359861118010484
1132,1130,5.572499854280015
1132,1131,2.635986111800974
1133,73,2.6359861118010484
1134,645,2.6359861118010484
1135,44,4.03663245068804
1135,64,4.5160455021872865
1135,66,2.738528834633818
1135,126,2.1593678038456647
1135,454,2.1593678038456647
1135,810,2.1593678038456647
1135,1116,2.1593678038456647
1136,1135,2.459894852745366
1137,44,2.6804052515895362
1137,64,2.9950080544427915
1137,126,2.335207516712527
1137,269,2.1593678038455155
1137,453,2.1593678038455155
1137,454,2.335207516712527
1137,801,2.1593678038455155
1137,810,2.335207516712527
1137,1116,2.335207516712527
1137,1135,5.095378599560353
1137,1136,2.635986111800974
1138,1135,2.459894852745366
1138,1136,2.9370161074650305
1138,1137,2.6359861118010484
1140,1139,5.572499854280015
1142,1141,2.9370161074650305
1143,1141,2.9370161074650305
1143,1142,2.9370161074650305
1144,1141,2.9370161074650305
1144,1142,2.9370161074650305
1144,1143,2.9370161074650305
1145,1141,2.9370161074650305
1145,1142,2.9370161074650305
1145,1143,2.9370161074650305
1145,1144,2.9370161074650305
1146,1141,2.9370161074650305
1146,1142,2.9370161074650305
1146,1143,2.9370161074650305
1146,1144,2.9370161074650305
1146,1145,2.9370161074650305
1147,203,2.2380461031290104
1148,190,2.459894852745366
1148,191,2.459894852745366
1148,195,2.1588648570813853
1148,444,2.6359861118010484
1148,985,2.6359861118010484
1149,190,2.459894852745366
1149,191,2.459894852745366
1149,195,2.1588648570813853
1149,444,2.6359861118010484
1149,985,2.6359861118010484
1149,1148,2.9370161074650305
1150,444,2.034680759206419
1150,985,2.034680759206419
1150,1148,2.3349561161369166
1150,1149,2.3349561161369166
1151,190,2.459894852745366
1151,191,2.459894852745366
1151,195,2.1588648570813853
1151,444,2.6359861118010484
1151,985,2.6359861118010484
1151,1148,2.9370161074650305
1151,1149,2.9370161074650305
1151,1150,2.334956116137066
1152,190,2.1593678038455155
1152,191,2.1593678038455155
1152,444,2.335207516712527
1152,985,2.335207516712527
1152,1148,2.635986111800974
1152,1149,2.635986111800974
1152,1150,2.0346807592064944
1152,1151,2.635986111800974
1153,190,2.459894852745366
1153,191,2.459894852745366
1153,195,2.1588648570813853
1153,444,2.6359861118010484
1153,985,2.6359861118010484
1153,1148,2.9370161074650305
1153,1149,2.9370161074650305
1153,1150,2.334956116137066
1153,1151,2.9370161074650305
1153,1152,2.6359861118010484
1154,219,2.459894852745366
1156,350,2.1588648570813853
1157,350,2.1588648570813853
1157,1156,2.9370161074650305
1159,1158,2.9370161074650305
1161,1160,2.9370161074650305
1163,1162,2.9370161074650305
1164,1162,2.9370161074650305
1164,1163,2.9370161074650305
1165,1162,2.9370161074650305
1165,1163,2.9370161074650305
1165,1164,2.9370161074650305
1166,223,2.2380461031290104
1167,223,2.2380461031290104
1167,1166,2.9370161074650305
1169,948,2.033926120473086
1171,1170,2.459894852745366
1172,1170,2.459894852745366
1172,1171,2.9370161074650305
1173,217,2.334956116137066
1174,221,2.6359861118010484
1174,279,2.2380461031290104
1175,221,2.6359861118010484
1175,279,2.2380461031290104
1175,1174,2.9370161074650305
1176,221,2.6359861118010484
1176,279,2.2380461031290104
1176,1174,2.9370161074650305
1176,1175,2.9370161074650305
1177,221,2.6359861118010484
1177,279,2.2380461031290104
1177,1174,2.9370161074650305
1177,1175,2.9370161074650305
1177,1176,2.9370161074650305
1178,221,2.6359861118010484
1178,279,2.2380461031290104
1178,1174,2.9370161074650305
1178,1175,2.9370161074650305
1178,1176,2.9370161074650305
1178,1177,2.9370161074650305
1179,217,2.334956116137066
1179,780,2.459894852745366
1180,217,2.334956116137066
1180,780,2.459894852745366
1180,1179,2.9370161074650305
1181,217,2.334956116137066
1181,780,2.459894852745366
1181,1179,2.9370161074650305
1181,1180,2.9370161074650305
1182,217,2.334956116137066
1182,780,2.459894852745366
1182,1179,2.9370161074650305
1182,1180,2.9370161074650305
1182,1181,2.9370161074650305
1183,217,2.334956116137066
1183,780,2.459894852745366
1183,1179,2.9370161074650305
1183,1180,2.9370161074650305
1183,1181,2.9370161074650305
1183,1182,2.9370161074650305
1184,217,2.334956116137066
1184,780,2.459894852745366
1184,1179,2.9370161074650305
1184,1180,2.9370161074650305
1184,1181,2.9370161074650305
1184,1182,2.9370161074650305
1184,1183,2.9370161074650305
1186,1185,2.6359861118010484
1187,1185,2.6359861118010484
1187,1186,2.9370161074650305
1188,1170,2.459894852745366
1189,1170,2.459894852745366
1189,1188,2.9370161074650305
1190,1170,2.459894852745366
1190,1188,2.9370161074650305
1190,1189,2.9370161074650305
1191,275,2.459894852745366
1192,57,2.2380461031290104
1192,372,2.0919180674507714
1192,735,2.0919180674507714
1193,57,2.2380461031290104
1193,372,2.0919180674507714
1193,735,2.0919180674507714
1193,1192,2.9370161074650305
1195,1150,2.0346807592064944
1195,1194,2.335207516712527
1196,1194,2.6359861118010484
1196,1195,2.6359861118010484
1197,806,2.0346807592064944
1197,1150,4.794348603896371
1197,1195,2.335207516712527
1198,806,4.31789885218148
1198,1150,4.31789885218148
1198,1195,2.1593678038456647
1198,1197,5.095378599560428
1199,806,2.334956116137066
1199,1150,2.334956116137066
1199,1197,2.6359861118010484
1199,1198,2.459894852745366
1204,636,2.459894852745366
1204,637,2.6359861118010484
1205,636,2.459894852745366
1205,637,2.6359861118010484
1205,1204,2.9370161074650305
1206,636,2.459894852745366
1206,637,2.6359861118010484
1206,1204,2.9370161074650305
1206,1205,2.9370161074650305
1208,1207,2.9370161074650305
1209,540,2.1588648570813853
1210,540,2.1588648570813853
1210,1209,2.9370161074650305
1213,1212,2.635986111800974
1215,1214,2.9370161074650305
1217,1216,2.9370161074650305
1218,46,2.0919180674507714
1218,168,2.0919180674507714
1218,241,2.1588648570813853
1218,1025,2.6359861118010484
1219,46,2.0919180674507714
1219,168,2.0919180674507714
1219,241,2.1588648570813853
1219,1025,2.6359861118010484
1219,1218,2.9370161074650305
1221,1220,2.9370161074650305
1222,965,2.1593678038455155
1223,1222,5.095378599560428
1224,65,2.033926120473086
1224,1222,2.6359861118010484
1224,1223,2.459894852745366
1225,965,2.459894852745366
1225,1222,2.6359861118010484
1225,1223,2.459894852745366
1227,1226,5.572499854280015
1228,367,2.334956116137066
1228,1103,2.6359861118010484
1230,1229,2.9370161074650305
1231,1229,2.9370161074650305
1231,1230,2.9370161074650305
1232,46,2.0919180674507714
1233,46,2.0919180674507714
1233,1232,2.9370161074650305
1234,46,2.0919180674507714
1234,1232,2.9370161074650305
1234,1233,2.9370161074650305
1235,392,2.6359861118010484
1235,393,2.6359861118010484
1235,948,2.033926120473086
1236,392,2.6359861118010484
1236,393,2.6359861118010484
1236,948,2.033926120473086
1236,1235,2.9370161074650305
1237,808,2.2380461031290104
1238,808,2.2380461031290104
1238,1237,2.9370161074650305
1240,1239,2.9370161074650305
1241,1239,2.9370161074650305
1241,1240,2.9370161074650305
1242,512,2.2380461031290104
1242,885,2.6359861118010484
1243,512,2.2380461031290104
1243,885,2.6359861118010484
1243,1242,2.9370161074650305
1244,250,2.1588648570813853
1245,141,2.033926120473086
1246,141,2.033926120473086
1248,1247,2.9370161074650305
1250,1249,2.9370161074650305
1251,580,2.459894852745366
1252,580,2.459894852745366
1252,1251,2.9370161074650305
1253,580,2.459894852745366
1253,1251,2.9370161074650305
1253,1252,2.9370161074650305
1254,580,2.459894852745366
1254,1251,2.9370161074650305
1254,1252,2.9370161074650305
1254,1253,2.9370161074650305
1256,1255,2.9370161074650305
1258,1257,2.9370161074650305
1259,1257,2.9370161074650305
1259,1258,2.9370161074650305
1260,1257,2.9370161074650305
1260,1258,2.9370161074650305
1260,1259,2.9370161074650305
1261,1257,2.9370161074650305
1261,1258,2.9370161074650305
1261,1259,2.9370161074650305
1261,1260,2.9370161074650305
1262,232,2.6359861118010484
1263,232,2.6359861118010484
1263,1262,2.9370161074650305
1264,71,2.033926120473086
1264,177,2.0919180674507714
1264,178,2.0919180674507714
1265,71,2.033926120473086
1265,177,2.0919180674507714
1265,178,2.0919180674507714
1265,1264,2.9370161074650305
1266,1170,2.459894852745366
1267,611,2.2380461031290104
1267,788,2.6359861118010484
1268,611,2.2380461031290104
1268,788,2.6359861118010484
1268,1267,2.9370161074650305
1269,611,2.2380461031290104
1269,788,2.6359861118010484
1269,1267,2.9370161074650305
1269,1268,2.9370161074650305
1270,1194,2.6359861118010484
1271,657,2.6359861118010484
1273,1272,2.9370161074650305
1275,601,2.335207516712527
1275,1274,2.635986111800974
1276,1274,2.9370161074650305
1276,1275,2.6359861118010484
1278,1277,2.9370161074650305
1279,1277,2.9370161074650305
1279,1278,2.9370161074650305
1281,231,2.033926120473086
1284,1283,2.9370161074650305
1285,408,2.334956116137066
1285,431,2.2380461031290104
1286,408,2.334956116137066
1286,431,2.2380461031290104
1286,1285,2.9370161074650305
1287,57,2.2380461031290104
1287,275,2.459894852745366
1287,372,2.0919180674507714
1287,710,2.334956116137066
1287,735,2.0919180674507714
1287,851,2.334956116137066
1288,26,4.096386243822389
1288,496,2.1593678038456647
1290,1289,2.9370161074650305
1291,1289,2.9370161074650305
1291,1290,2.9370161074650305
1292,1289,2.9370161074650305
1292,1290,2.9370161074650305
1292,1291,2.9370161074650305
1293,1288,2.459894852745366
1294,74,2.334956116137066
1294,75,2.334956116137066
1295,74,4.794348603896371
1295,75,4.794348603896371
1295,1294,2.635986111800974
1296,74,2.334956116137066
1296,75,2.334956116137066
1296,1294,2.9370161074650305
1296,1295,2.6359861118010484
1298,698,2.6359861118010484
1300,1299,2.9370161074650305
1301,1299,2.9370161074650305
1301,1300,2.9370161074650305
1302,191,2.459894852745366
1302,546,2.334956116137066
1303,191,2.459894852745366
1303,546,2.334956116137066
1303,1302,2.9370161074650305
1304,405,2.334956116137066
1305,405,2.334956116137066
1305,1304,2.9370161074650305
1306,349,2.459894852745366
1306,753,2.6359861118010484
1308,1307,2.9370161074650305
1309,1307,2.9370161074650305
1309,1308,2.9370161074650305
1310,1307,2.9370161074650305
1310,1308,2.9370161074650305
1310,1309,2.9370161074650305
1311,1307,2.9370161074650305
1311,1308,2.9370161074650305
1311,1309,2.9370161074650305
1311,1310,2.9370161074650305
1313,1312,2.9370161074650305
1314,126,2.6359861118010484
1314,177,2.0919180674507714
1314,178,2.0919180674507714
1314,180,2.0919180674507714
1314,186,2.0919180674507714
1314,188,2.0919180674507714
1314,195,2.1588648570813853
1314,231,2.033926120473086
1314,268,2.1588648570813853
1314,269,2.459894852745366
1314,453,2.459894852745366
1314,454,2.6359861118010484
1314,801,2.459894852745366
1314,810,2.6359861118010484
1314,1116,2.6359861118010484
1314,1135,2.459894852745366
1314,1137,2.6359861118010484
1315,126,2.6359861118010484
1315,177,2.0919180674507714
1315,178,2.0919180674507714
1315,180,2.0919180674507714
1315,186,2.0919180674507714
1315,188,2.0919180674507714
1315,195,2.1588648570813853
1315,231,2.033926120473086
1315,268,2.1588648570813853
1315,269,2.459894852745366
1315,453,2.459894852745366
1315,454,2.6359861118010484
1315,801,2.459894852745366
1315,810,2.6359861118010484
1315,1116,2.6359861118010484
1315,1135,2.459894852745366
1315,1137,2.6359861118010484
1315,1314,2.9370161074650305
1316,126,2.6359861118010484
1316,177,2.0919180674507714
1316,178,2.0919180674507714
1316,180,2.0919180674507714
1316,186,2.0919180674507714
1316,188,2.0919180674507714
1316,195,2.1588648570813853
1316,231,2.033926120473086
1316,268,2.1588648570813853
1316,269,2.459894852745366
1316,453,2.459894852745366
1316,454,2.6359861118010484
1316,801,2.459894852745366
1316,810,2.6359861118010484
1316,1116,2.6359861118010484
1316,1135,2.459894852745366
1316,1137,2.6359861118010484
1316,1314,2.9370161074650305
1316,1315,2.9370161074650305
1317,126,2.6359861118010484
1317,177,2.0919180674507714
1317,178,2.0919180674507714
1317,180,2.0919180674507714
1317,186,2.0919180674507714
1317,188,2.0919180674507714
1317,195,2.1588648570813853
1317,231,2.033926120473086
1317,268,2.1588648570813853
1317,269,2.459894852745366
1317,453,2.459894852745366
1317,454,2.6359861118010484
1317,801,2.459894852745366
1317,810,2.6359861118010484
1317,1116,2.6359861118010484
1317,1135,2.459894852745366
1317,1137,2.6359861118010484
1317,1314,2.9370161074650305
1317,1315,2.9370161074650305
1317,1316,2.9370161074650305
1318,44,2.6804052515895362
1318,64,2.9950080544427915
1318,66,3.2088878743878704
1318,126,2.335207516712527
1318,184,2.1593678038455155
1318,269,2.1593678038455155
1318,453,2.1593678038455155
1318,454,2.335207516712527
1318,801,2.1593678038455155
1318,810,2.335207516712527
1318,1116,2.335207516712527
1318,1135,5.095378599560353
1318,1137,2.335207516712527
1318,1314,2.635986111800974
1318,1315,2.635986111800974
1318,1316,2.635986111800974
1318,1317,2.635986111800974
1319,126,2.6359861118010484
1319,177,2.0919180674507714
1319,178,2.0919180674507714
1319,180,2.0919180674507714
1319,186,2.0919180674507714
1319,188,2.0919180674507714
1319,195,2.1588648570813853
1319,231,2.033926120473086
1319,268,2.1588648570813853
1319,269,2.459894852745366
1319,453,2.459894852745366
1319,454,2.6359861118010484
1319,801,2.459894852745366
1319,810,2.6359861118010484
1319,1116,2.6359861118010484
1319,1135,2.459894852745366
1319,1137,2.6359861118010484
1319,1314,2.9370161074650305
1319,1315,2.9370161074650305
1319,1316,2.9370161074650305
1319,1317,2.9370161074650305
1319,1318,2.6359861118010484
1320,126,2.6359861118010484
1320,177,2.0919180674507714
1320,178,2.0919180674507714
1320,180,2.0919180674507714
1320,186,2.0919180674507714
1320,188,2.0919180674507714
1320,195,2.1588648570813853
1320,231,2.033926120473086
1320,268,2.1588648570813853
1320,269,2.459894852745366
1320,453,2.459894852745366
1320,454,2.6359861118010484
1320,801,2.459894852745366
1320,810,2.6359861118010484
1320,1116,2.6359861118010484
1320,1135,2.459894852745366
1320,1137,2.6359861118010484
1320,1314,2.9370161074650305
1320,1315,2.9370161074650305
1320,1316,2.9370161074650305
1320,1317,2.9370161074650305
1320,1318,2.6359861118010484
1320,1319,2.9370161074650305
1321,126,2.6359861118010484
1321,177,2.0919180674507714
1321,178,2.0919180674507714
1321,180,2.0919180674507714
1321,186,2.0919180674507714
1321,188,2.0919180674507714
1321,195,2.1588648570813853
1321,231,2.033926120473086
1321,268,2.1588648570813853
1321,269,2.459894852745366
1321,453,2.459894852745366
1321,454,2.6359861118010484
1321,801,2.459894852745366
1321,810,2.6359861118010484
1321,1116,2.6359861118010484
1321,1135,2.459894852745366
1321,1137,2.6359861118010484
1321,1314,2.9370161074650305
1321,1315,2.9370161074650305
1321,1316,2.9370161074650305
1321,1317,2.9370161074650305
1321,1318,2.6359861118010484
1321,1319,2.9370161074650305
1321,1320,2.9370161074650305
1322,126,2.6359861118010484
1322,177,2.0919180674507714
1322,178,2.0919180674507714
1322,180,2.0919180674507714
1322,186,2.0919180674507714
1322,188,2.0919180674507714
1322,195,2.1588648570813853
1322,231,2.033926120473086
1322,268,2.1588648570813853
1322,269,2.459894852745366
1322,453,2.459894852745366
1322,454,2.6359861118010484
1322,801,2.459894852745366
1322,810,2.6359861118010484
1322,1116,2.6359861118010484
1322,1135,2.459894852745366
1322,1137,2.6359861118010484
1322,1314,2.9370161074650305
1322,1315,2.9370161074650305
1322,1316,2.9370161074650305
1322,1317,2.9370161074650305
1322,1318,2.6359861118010484
1322,1319,2.9370161074650305
1322,1320,2.9370161074650305
1322,1321,2.9370161074650305
1323,126,2.6359861118010484
1323,177,2.0919180674507714
1323,178,2.0919180674507714
1323,180,2.0919180674507714
1323,186,2.0919180674507714
1323,188,2.0919180674507714
1323,195,2.1588648570813853
1323,231,2.033926120473086
1323,268,2.1588648570813853
1323,269,2.459894852745366
1323,453,2.459894852745366
1323,454,2.6359861118010484
1323,801,2.459894852745366
1323,810,2.6359861118010484
1323,1116,2.6359861118010484
1323,1135,2.459894852745366
1323,1137,2.6359861118010484
1323,1314,2.9370161074650305
1323,1315,2.9370161074650305
1323,1316,2.9370161074650305
1323,1317,2.9370161074650305
1323,1318,2.6359861118010484
1323,1319,2.9370161074650305
1323,1320,2.9370161074650305
1323,1321,2.9370161074650305
1323,1322,2.9370161074650305
1324,126,2.6359861118010484
1324,177,2.0919180674507714
1324,178,2.0919180674507714
1324,180,2.0919180674507714
1324,186,2.0919180674507714
1324,188,2.0919180674507714
1324,195,2.1588648570813853
1324,231,2.033926120473086
1324,268,2.1588648570813853
1324,269,2.459894852745366
1324,453,2.459894852745366
1324,454,2.6359861118010484
1324,801,2.459894852745366
1324,810,2.6359861118010484
1324,1116,2.6359861118010484
1324,1135,2.459894852745366
1324,1137,2.6359861118010484
1324,1314,2.9370161074650305
1324,1315,2.9370161074650305
1324,1316,2.9370161074650305
1324,1317,2.9370161074650305
1324,1318,2.6359861118010484
1324,1319,2.9370161074650305
1324,1320,2.9370161074650305
1324,1321,2.9370161074650305
1324,1322,2.9370161074650305
1324,1323,2.9370161074650305
1325,126,2.6359861118010484
1325,177,2.0919180674507714
1325,178,2.0919180674507714
1325,180,2.0919180674507714
1325,186,2.0919180674507714
1325,188,2.0919180674507714
1325,195,2.1588648570813853
1325,231,2.033926120473086
1325,268,2.1588648570813853
1325,269,2.459894852745366
1325,453,2.459894852745366
1325,454,2.6359861118010484
1325,801,2.459894852745366
1325,810,2.6359861118010484
1325,1116,2.6359861118010484
1325,1135,2.459894852745366
1325,1137,2.6359861118010484
1325,1314,2.9370161074650305
1325,1315,2.9370161074650305
1325,1316,2.9370161074650305
1325,1317,2.9370161074650305
1325,1318,2.6359861118010484
1325,1319,2.9370161074650305
1325,1320,2.9370161074650305
1325,1321,2.9370161074650305
1325,1322,2.9370161074650305
1325,1323,2.9370161074650305
1325,1324,2.9370161074650305
1326,126,2.6359861118010484
1326,177,2.0919180674507714
1326,178,2.0919180674507714
1326,180,2.0919180674507714
1326,186,2.0919180674507714
1326,188,2.0919180674507714
1326,195,2.1588648570813853
1326,231,2.033926120473086
1326,268,2.1588648570813853
1326,269,2.459894852745366
1326,453,2.459894852745366
1326,454,2.6359861118010484
1326,801,2.459894852745366
1326,810,2.6359861118010484
1326,1116,2.6359861118010484
1326,1135,2.459894852745366
1326,1137,2.6359861118010484
1326,1314,2.9370161074650305
1326,1315,2.9370161074650305
1326,1316,2.9370161074650305
1326,1317,2.9370161074650305
1326,1318,2.6359861118010484
1326,1319,2.9370161074650305
1326,1320,2.9370161074650305
1326,1321,2.9370161074650305
1326,1322,2.9370161074650305
1326,1323,2.9370161074650305
1326,1324,2.9370161074650305
1326,1325,2.9370161074650305
1327,925,2.6359861118010484
1329,1328,2.4598948527454416
1330,1328,2.9370161074650305
1330,1329,2.459894852745366
1331,1329,2.459894852745366
1332,545,2.2380461031290104
1334,1333,2.9370161074650305
1336,1335,2.9370161074650305
1337,1335,2.9370161074650305
1337,1336,2.9370161074650305
1338,574,2.335207516712527
1339,574,2.335207516712527
1339,1338,5.572499854280015
1340,573,2.0919180674507714
1340,574,2.6359861118010484
1340,1338,2.6359861118010484
1340,1339,2.6359861118010484
1341,1338,2.6359861118010484
1341,1339,2.6359861118010484
1342,1338,2.6359861118010484
1342,1339,2.6359861118010484
1342,1341,2.9370161074650305
1343,195,2.1588648570813853
1343,545,2.2380461031290104
1343,546,2.334956116137066
1344,195,2.1588648570813853
1344,545,2.2380461031290104
1344,546,2.334956116137066
1344,1343,2.9370161074650305
1345,924,2.334956116137066
1346,924,2.334956116137066
1346,1345,2.9370161074650305
1347,924,2.334956116137066
1347,1345,2.9370161074650305
1347,1346,2.9370161074650305
1348,924,2.334956116137066
1348,1345,2.9370161074650305
1348,1346,2.9370161074650305
1348,1347,2.9370161074650305
1349,924,2.334956116137066
1349,1345,2.9370161074650305
1349,1346,2.9370161074650305
1349,1347,2.9370161074650305
1349,1348,2.9370161074650305
1350,924,2.334956116137066
1350,1345,2.9370161074650305
1350,1346,2.9370161074650305
1350,1347,2.9370161074650305
1350,1348,2.9370161074650305
1350,1349,2.9370161074650305
1351,924,2.334956116137066
1351,1345,2.9370161074650305
1351,1346,2.9370161074650305
1351,1347,2.9370161074650305
1351,1348,2.9370161074650305
1351,1349,2.9370161074650305
1351,1350,2.9370161074650305
1353,1352,2.9370161074650305
1354,1352,2.9370161074650305
1354,1353,2.9370161074650305
1355,1352,2.9370161074650305
1355,1353,2.9370161074650305
1355,1354,2.9370161074650305
1357,1356,2.9370161074650305
1359,1358,2.9370161074650305
1360,59,2.6359861118010484
1361,59,2.6359861118010484
1361,1360,2.9370161074650305
1363,1362,2.9370161074650305
1367,1366,2.9370161074650305
1368,1366,2.9370161074650305
1368,1367,2.9370161074650305
1369,385,2.6359861118010484
1369,851,2.334956116137066
1370,385,2.6359861118010484
1370,851,2.334956116137066
1370,1369,2.9370161074650305
1371,536,2.334956116137066
1371,573,2.0919180674507714
1371,1150,2.334956116137066
1372,536,2.334956116137066
1372,573,2.0919180674507714
1372,1150,2.334956116137066
1372,1371,2.9370161074650305
1373,536,2.334956116137066
1373,573,2.0919180674507714
1373,1150,2.334956116137066
1373,1371,2.9370161074650305
1373,1372,2.9370161074650305
1375,1374,2.9370161074650305
1376,1374,2.9370161074650305
1376,1375,2.9370161074650305
1378,1377,2.9370161074650305
1379,1377,2.9370161074650305
1379,1378,2.9370161074650305
1380,1377,2.9370161074650305
1380,1378,2.9370161074650305
1380,1379,2.9370161074650305
1381,1377,2.9370161074650305
1381,1378,2.9370161074650305
1381,1379,2.9370161074650305
1381,1380,2.9370161074650305
1383,1382,2.9370161074650305
1384,1382,2.9370161074650305
1384,1383,2.9370161074650305
1386,1385,2.6359861118010484
1387,203,2.2380461031290104
1387,1007,2.6359861118010484
1388,203,2.2380461031290104
1388,1007,2.6359861118010484
1388,1387,2.9370161074650305
1389,268,2.1588648570813853
1389,463,2.2380461031290104
1391,1390,2.9370161074650305
1392,545,2.2380461031290104
1392,546,2.334956116137066
1394,731,2.459894852745366
1395,150,2.1588648570813853
1396,150,2.1588648570813853
1396,1395,2.9370161074650305
1397,981,2.6359861118010484
1398,981,2.6359861118010484
1398,1397,2.9370161074650305
1399,965,2.459894852745366
1400,573,2.0919180674507714
1402,1401,2.9370161074650305
1403,924,2.334956116137066
1404,924,2.334956116137066
1404,1403,2.9370161074650305
1405,270,2.334956116137066
1405,536,2.334956116137066
1405,573,2.0919180674507714
1405,644,2.334956116137066
1406,270,2.334956116137066
1406,536,2.334956116137066
1406,573,2.0919180674507714
1406,644,2.334956116137066
1406,1405,2.9370161074650305
1408,1407,2.9370161074650305
1409,1407,2.9370161074650305
1409,1408,2.9370161074650305
1411,1410,2.9370161074650305
1412,1410,2.9370161074650305
1412,1411,2.9370161074650305
1414,1413,2.9370161074650305
1415,540,2.1588648570813853
1416,540,2.1588648570813853
1416,1415,2.9370161074650305
1417,766,2.6359861118010484
1418,766,2.6359861118010484
1418,1417,2.9370161074650305
1419,766,2.6359861118010484
1419,1417,2.9370161074650305
1419,1418,2.9370161074650305
1420,301,2.334956116137066
1421,416,2.334956116137066
1424,1423,2.9370161074650305
1426,1425,2.9370161074650305
1427,948,2.033926120473086
1428,1427,2.635986111800974
1429,948,2.033926120473086
1429,1427,2.9370161074650305
1429,1428,2.6359861118010484
1431,1430,2.9370161074650305
1432,880,2.459894852745366
1434,1433,2.9370161074650305
1436,1435,2.9370161074650305
1437,1435,2.9370161074650305
1437,1436,2.9370161074650305
1439,1438,2.9370161074650305
1440,1438,2.9370161074650305
1440,1439,2.9370161074650305
1441,1438,2.9370161074650305
1441,1439,2.9370161074650305
1441,1440,2.9370161074650305
1443,1442,2.9370161074650305
1445,372,2.0919180674507714
1448,1447,2.9370161074650305
1449,1447,2.9370161074650305
1449,1448,2.9370161074650305
1450,1027,2.2380461031290104
1451,141,2.033926120473086
1453,1452,2.9370161074650305
1455,1454,2.9370161074650305
1457,1456,2.6359861118010484
1458,1456,2.6359861118010484
1458,1457,2.9370161074650305
1460,1459,2.6359861118010484
1463,1462,2.9370161074650305
1465,1464,2.9370161074650305
1466,1464,2.9370161074650305
1466,1465,2.9370161074650305
1468,1467,2.9370161074650305
1470,1469,2.9370161074650305
1471,1469,2.9370161074650305
1471,1470,2.9370161074650305
1473,1472,2.9370161074650305
1474,1472,2.9370161074650305
1474,1473,2.9370161074650305
1475,301,2.334956116137066
1477,1476,2.9370161074650305
1478,1476,2.9370161074650305
1478,1477,2.9370161074650305
1480,1479,2.9370161074650305
1481,1428,2.335207516712527
1482,1428,2.6359861118010484
1482,1481,2.6359861118010484
1485,1484,2.9370161074650305
1487,1486,2.9370161074650305
1489,1488,2.9370161074650305
1490,540,2.1588648570813853
1491,855,2.334956116137066
1492,855,2.334956116137066
1492,1491,2.9370161074650305
1493,948,2.033926120473086
1494,948,2.033926120473086
1494,1493,2.9370161074650305
1496,1495,2.9370161074650305
1498,1497,2.9370161074650305
1499,16,2.459894852745366
1501,1500,2.9370161074650305
1502,223,2.2380461031290104
1504,1503,2.9370161074650305
1506,1505,2.9370161074650305
1510,1509,2.9370161074650305
1512,1511,2.9370161074650305
1513,321,2.033926120473086
1514,321,2.033926120473086
1514,1513,2.9370161074650305
1516,1515,2.9370161074650305
1518,1517,2.9370161074650305
1519,626,2.6359861118010484
1520,626,2.6359861118010484
1520,1519,2.9370161074650305
1522,1521,2.9370161074650305
1523,141,2.033926120473086
1524,141,2.033926120473086
1524,1523,2.9370161074650305
1525,141,2.033926120473086
1525,1523,2.9370161074650305
1525,1524,2.9370161074650305
1526,141,2.033926120473086
1526,1523,2.9370161074650305
1526,1524,2.9370161074650305
1526,1525,2.9370161074650305
1528,1527,2.9370161074650305
1529,184,2.459894852745366
1529,1135,2.459894852745366
1529,1318,2.6359861118010484
1530,505,2.2380461031290104
1531,505,2.2380461031290104
1531,1530,2.9370161074650305
1532,505,2.2380461031290104
1532,1530,2.9370161074650305
1532,1531,2.9370161074650305
1534,1533,2.9370161074650305
1535,1533,2.9370161074650305
1535,1534,2.9370161074650305
1537,1536,2.9370161074650305
1540,1539,2.9370161074650305
1542,655,2.459894852745366
1544,1543,2.9370161074650305
1546,1545,2.9370161074650305
1547,141,2.033926120473086
1549,1548,2.9370161074650305
1550,1548,2.9370161074650305
1550,1549,2.9370161074650305
1551,837,2.6359861118010484
1553,1552,2.9370161074650305
1555,1554,2.9370161074650305
1557,731,2.459894852745366
1559,1558,2.9370161074650305
1560,203,2.2380461031290104
1561,51,2.334956116137066
1562,350,2.1588648570813853
1563,350,2.1588648570813853
1563,1562,2.9370161074650305
1564,948,2.033926120473086
1565,948,2.033926120473086
1565,1564,2.9370161074650305
1566,948,2.033926120473086
1566,1564,2.9370161074650305
1566,1565,2.9370161074650305
1567,948,2.033926120473086
1567,1564,2.9370161074650305
1567,1565,2.9370161074650305
1567,1566,2.9370161074650305
1569,1568,2.9370161074650305
1571,1570,2.9370161074650305
1572,1570,2.9370161074650305
1572,1571,2.9370161074650305
1574,1573,5.572499854280015
1575,948,2.033926120473086
1576,247,2.1588648570813853
1576,359,2.6359861118010484
1576,598,2.334956116137066
1579,74,2.334956116137066
1579,75,2.334956116137066
1580,74,2.334956116137066
1580,75,2.334956116137066
1580,1579,2.9370161074650305
1582,1581,2.9370161074650305
1583,408,2.334956116137066
1584,1481,2.6359861118010484
1586,1585,2.9370161074650305
1587,1585,2.9370161074650305
1587,1586,2.9370161074650305
1588,1585,2.9370161074650305
1588,1586,2.9370161074650305
1588,1587,2.9370161074650305
1589,678,2.0919180674507714
1591,1590,2.9370161074650305
1593,1592,2.9370161074650305
1594,1592,2.9370161074650305
1594,1593,2.9370161074650305
1595,573,2.0919180674507714
1597,1596,2.9370161074650305
1598,321,2.033926120473086
1599,321,2.033926120473086
1599,1598,2.9370161074650305
1601,1600,2.9370161074650305
1602,545,2.2380461031290104
1604,1603,2.9370161074650305
1605,580,2.459894852745366
1606,849,2.6359861118010484
1608,1607,2.9370161074650305
1609,1456,2.6359861118010484
1610,158,2.459894852745366
1612,1611,2.9370161074650305
1613,1611,2.9370161074650305
1613,1612,2.9370161074650305
1615,1614,2.9370161074650305
1618,1617,2.9370161074650305
1619,453,2.459894852745366
1620,453,2.459894852745366
1620,1619,2.9370161074650305
1621,431,2.2380461031290104
1622,431,2.2380461031290104
1622,1621,2.9370161074650305
1623,210,2.6359861118010484
1624,108,2.2380461031290104
1626,1625,2.9370161074650305
1627,1625,2.9370161074650305
1627,1626,2.9370161074650305
1628,1625,2.9370161074650305
1628,1626,2.9370161074650305
1628,1627,2.9370161074650305
1629,150,2.1588648570813853
1631,1630,2.9370161074650305
1632,1630,2.9370161074650305
1632,1631,2.9370161074650305
1634,1633,2.9370161074650305
1635,297,2.459894852745366
1635,300,2.6359861118010484
1639,1638,2.9370161074650305
1640,1638,2.9370161074650305
1640,1639,2.9370161074650305
1641,1638,2.9370161074650305
1641,1639,2.9370161074650305
1641,1640,2.9370161074650305
1642,512,2.2380461031290104
1643,512,2.2380461031290104
1643,1642,2.9370161074650305
1645,350,2.1588648570813853
1647,1068,2.6359861118010484
1648,815,2.6359861118010484
1649,350,2.1588648570813853
1650,350,2.1588648570813853
1650,1649,2.9370161074650305
1651,620,2.459894852745366
1654,1653,2.9370161074650305
1655,1329,2.459894852745366
1657,1656,2.9370161074650305
1659,1658,2.9370161074650305
1660,1658,2.9370161074650305
1660,1659,2.9370161074650305
1661,1185,2.6359861118010484
1663,1662,2.9370161074650305
1665,1664,2.9370161074650305
1667,1666,2.9370161074650305
1668,894,2.459894852745366
1669,372,2.0919180674507714
1671,1670,2.6359861118010484
1673,1672,2.9370161074650305
1674,1672,2.9370161074650305
1674,1673,2.9370161074650305
1675,1672,2.9370161074650305
1675,1673,2.9370161074650305
1675,1674,2.9370161074650305
1677,1676,2.9370161074650305
1679,1678,2.9370161074650305
1680,1678,2.9370161074650305
1680,1679,2.9370161074650305
1682,1681,2.9370161074650305
1684,1683,2.9370161074650305
1686,1685,2.9370161074650305
1687,1685,2.9370161074650305
1687,1686,2.9370161074650305
1688,505,2.2380461031290104
1689,485,2.6359861118010484
1691,1690,2.9370161074650305
1692,350,2.1588648570813853
1693,1000,2.6359861118010484
1694,1000,2.6359861118010484
1694,1693,2.9370161074650305
1696,1695,2.9370161074650305
1697,321,2.033926120473086
1698,321,2.033926120473086
1698,1697,2.9370161074650305
1699,321,2.033926120473086
1699,1697,2.9370161074650305
1699,1698,2.9370161074650305
1700,321,2.033926120473086
1700,1697,2.9370161074650305
1700,1698,2.9370161074650305
1700,1699,2.9370161074650305
1702,1701,2.9370161074650305
1703,1701,2.9370161074650305
1703,1702,2.9370161074650305
1704,1701,2.9370161074650305
1704,1702,2.9370161074650305
1704,1703,2.9370161074650305
1706,1705,2.9370161074650305
1707,1705,2.9370161074650305
1707,1706,2.9370161074650305
1709,1708,2.9370161074650305
1710,949,2.6359861118010484
1711,620,2.459894852745366
1712,150,2.1588648570813853
1713,1459,2.6359861118010484
1715,1714,2.9370161074650305
1717,1716,2.9370161074650305
1718,1716,2.9370161074650305
1718,1717,2.9370161074650305
1720,1719,2.9370161074650305
1721,141,2.033926120473086
1722,141,2.033926120473086
1722,1721,2.9370161074650305
1724,1723,2.9370161074650305
1725,1723,2.9370161074650305
1725,1724,2.9370161074650305
1726,498,2.6359861118010484
1728,1727,2.9370161074650305
1730,1729,2.9370161074650305
1731,1729,2.9370161074650305
1731,1730,2.9370161074650305
1732,65,2.033926120473086
1732,491,2.2380461031290104
1733,1573,2.6359861118010484
1733,1574,2.6359861118010484
1734,321,2.033926120473086
1735,15,2.2380461031290104
1736,484,2.334956116137066
1738,1737,2.9370161074650305
1739,512,2.2380461031290104
1740,540,2.1588648570813853
1744,1743,2.9370161074650305
1745,1743,2.9370161074650305
1745,1744,2.9370161074650305
1746,1743,2.9370161074650305
1746,1744,2.9370161074650305
1746,1745,2.9370161074650305
1747,1743,2.9370161074650305
1747,1744,2.9370161074650305
1747,1745,2.9370161074650305
1747,1746,2.9370161074650305
1750,1749,2.9370161074650305
1751,1749,2.9370161074650305
1751,1750,2.9370161074650305
1753,1752,2.9370161074650305
1755,1670,2.6359861118010484
1756,1670,2.6359861118010484
1756,1755,2.9370161074650305
1758,1757,2.9370161074650305
1759,416,2.334956116137066
1762,1761,2.9370161074650305
1764,1763,2.9370161074650305
1765,1763,2.9370161074650305
1765,1764,2.9370161074650305
1767,934,2.6359861118010484
1768,601,2.6359861118010484
1768,1275,2.6359861118010484
1769,660,2.334956116137066
1770,660,2.334956116137066
1770,1769,2.9370161074650305
1772,1771,2.9370161074650305
1774,1773,2.9370161074650305
1775,1773,2.9370161074650305
1775,1774,2.9370161074650305
1776,1773,2.9370161074650305
1776,1774,2.9370161074650305
1776,1775,2.9370161074650305
1777,953,2.6359861118010484
1778,341,2.334956116137066
1780,1779,2.9370161074650305
1782,1781,2.9370161074650305
1783,1781,2.9370161074650305
1783,1782,2.9370161074650305
1784,1781,2.9370161074650305
1784,1782,2.9370161074650305
1784,1783,2.9370161074650305
1785,598,2.334956116137066
1786,536,2.334956116137066
1787,536,2.334956116137066
1787,1786,2.9370161074650305
1788,948,2.033926120473086
1789,387,2.6359861118010484
1789,924,2.334956116137066
1790,387,2.6359861118010484
1790,924,2.334956116137066
1790,1789,2.9370161074650305
1792,1791,2.9370161074650305
1793,855,2.334956116137066
1795,1794,2.9370161074650305
1797,1796,2.9370161074650305
1800,1799,2.9370161074650305
1801,855,2.334956116137066
1802,416,2.334956116137066
1805,1804,2.9370161074650305
1807,1806,2.9370161074650305
1808,1806,2.9370161074650305
1808,1807,2.9370161074650305
1809,1385,2.6359861118010484
1811,1810,2.9370161074650305
1812,321,2.033926120473086
